price,carat,cut,color,clarity,depth,table,x,y,z
787,0.28,Ideal,F,VVS2,62.6,55,4.2,4.23,2.64
2346,0.71,Very Good,F,SI1,62.1,59,5.64,5.73,3.53
478,0.26,Ideal,G,VS1,62.1,55,4.09,4.12,2.55
6389,1,Good,D,VS2,64.1,58,6.24,6.33,4.03
5818,1.2,Good,I,VS1,59.6,61,6.84,6.89,4.09
1369,0.57,Very Good,G,SI1,63.4,57,5.26,5.21,3.32
2278,0.75,Ideal,E,SI2,62.1,57,5.81,5.85,3.62
570,0.3,Ideal,F,VS1,62.6,57,4.29,4.34,2.7
2980,0.64,Good,F,IF,58.6,61,5.69,5.71,3.34
2854,0.73,Premium,E,VS2,62,57,5.86,5.76,3.6
483,0.35,Ideal,J,VS1,62.6,53.7,4.51,4.54,2.83
1310,0.52,Very Good,I,VS1,61,58,5.18,5.22,3.17
5394,1.01,Very Good,D,SI1,59.8,56,6.57,6.6,3.94
828,0.32,Ideal,F,VS2,62.4,56,4.37,4.35,2.72
7279,1.01,Good,G,VVS1,63.1,59,6.33,6.42,4.02
1427,0.59,Good,I,VVS2,57.8,61,5.52,5.6,3.21
15398,2.04,Premium,E,SI2,62.7,60,8.04,8,5.03
1723,0.56,Premium,D,SI1,61.4,58,5.29,5.33,3.26
821,0.39,Very Good,F,VS2,58.8,59,4.8,4.83,2.83
3212,0.61,Ideal,E,VVS1,59.9,61,5.5,5.55,3.31
1122,0.51,Ideal,I,SI1,62.5,57,5.1,5.07,3.18
564,0.26,Good,F,VVS1,63.3,57,4.05,4.07,2.57
583,0.31,Good,G,VS1,63.3,57,4.28,4.31,2.72
2150,0.7,Good,G,SI1,63.7,60,5.57,5.51,3.53
9526,1.16,Ideal,G,VVS1,62,57,6.72,6.74,4.17
1115,0.41,Premium,H,VVS1,61.4,60,4.78,4.73,2.92
1607,0.53,Premium,E,SI1,60,60,5.27,5.24,3.21
4456,1.11,Very Good,H,SI2,59.8,60,6.66,6.75,4.01
851,0.36,Premium,D,SI1,60.4,58,4.64,4.6,2.79
990,0.44,Premium,I,VVS1,61.5,58,4.95,4.87,3.02
1210,0.73,Good,G,I1,63.9,55,5.76,5.69,3.65
6319,1.08,Very Good,F,VS2,63.1,57,6.56,6.5,4.12
12898,2.01,Premium,E,SI1,60.4,61,8.05,7.98,4.84
2137,0.7,Good,H,VS2,64.5,57,5.53,5.57,3.58
996,0.45,Premium,F,SI2,62.6,57,4.94,4.87,3.07
2603,0.7,Premium,H,VVS1,58.3,60,5.83,5.8,3.39
2055,0.56,Ideal,G,VVS1,62.3,55,5.25,5.31,3.29
625,0.31,Very Good,F,VS2,61.4,62,4.32,4.34,2.66
10644,1.15,Ideal,G,VVS1,62.7,56,6.69,6.67,4.19
15601,1.78,Premium,H,VS1,60.2,59,7.96,7.83,4.75
8752,1.51,Premium,H,SI1,61.5,58,7.38,7.31,4.52
6539,1.03,Very Good,G,VS1,62.2,57,6.42,6.47,4.01
1134,0.63,Good,J,SI1,59.9,64,5.63,5.58,3.36
2263,0.8,Very Good,H,SI2,59.7,58,6.03,6.09,3.62
4319,1.07,Premium,F,SI2,58.2,58,6.79,6.72,3.93
522,0.35,Good,G,SI1,63.8,54,4.46,4.48,2.85
7016,1.34,Ideal,I,VS1,62.2,57,7.02,7.06,4.38
4463,1.14,Premium,H,SI1,62.1,59,6.73,6.61,4.14
2077,0.55,Ideal,G,VVS1,61.2,56,5.27,5.3,3.24
1708,0.51,Ideal,E,VS1,61.5,53,5.17,5.24,3.2
5932,1.15,Very Good,D,SI1,61.7,58,6.69,6.76,4.15
3420,0.78,Very Good,E,VS1,60.9,57,5.94,5.88,3.59
4452,1,Premium,F,SI2,61.6,61,6.36,6.33,3.91
1410,0.55,Very Good,F,SI1,59.5,61,5.28,5.41,3.18
2196,0.7,Premium,F,SI1,60.4,58,5.76,5.82,3.5
4020,0.97,Premium,F,SI2,58.9,58,6.51,6.47,3.82
5904,1.09,Ideal,I,VS2,61.8,57,6.55,6.59,4.06
2300,0.72,Ideal,F,SI2,61.2,58,5.72,5.78,3.52
3603,0.8,Very Good,F,VS1,63.8,55,5.84,5.89,3.74
5624,1.64,Premium,J,SI2,63,58,7.54,7.49,4.74
670,0.3,Very Good,D,VS2,62.5,57,4.26,4.28,2.67
2723,0.82,Premium,F,SI2,60.3,57,6.07,6.03,3.65
1255,0.54,Very Good,F,SI1,63,57,5.18,5.23,3.28
14341,1.61,Ideal,G,VS1,61.9,55,7.58,7.55,4.68
1593,0.55,Premium,I,VVS1,61.3,59,5.27,5.3,3.24
13134,1.83,Very Good,E,SI2,62.8,56,7.76,7.82,4.89
2856,0.6,Ideal,F,VVS2,60.8,57,5.44,5.49,3.32
3886,1.05,Premium,E,SI2,62.2,59,6.51,6.44,4.03
5920,1.28,Very Good,I,SI1,63.6,54,6.87,6.9,4.38
961,0.41,Premium,G,VS1,62.7,57,4.77,4.74,2.98
3881,0.9,Very Good,F,SI1,63.2,61,6.13,6.09,3.86
3504,0.7,Ideal,E,VS2,60.8,56,5.74,5.78,3.5
803,0.42,Premium,I,SI1,61.2,60,4.82,4.78,2.94
579,0.33,Very Good,G,VS2,62.6,58,4.36,4.4,2.74
2066,1.05,Good,E,I1,64.1,58,6.46,6.32,4.09
566,0.35,Premium,H,SI2,61.6,58,4.54,4.49,2.78
3752,0.9,Very Good,G,SI1,63.8,57,6.04,6.13,3.88
1103,0.56,Ideal,F,SI2,61.8,57,5.28,5.33,3.28
6912,1.01,Good,D,VS2,61.8,59,6.28,6.35,3.9
4187,0.9,Very Good,D,SI1,63.4,53,6.1,6.17,3.89
1103,0.35,Premium,G,VVS1,61.8,57,4.53,4.5,2.79
1822,0.52,Ideal,D,VS2,62.6,55,5.12,5.14,3.21
579,0.33,Ideal,G,VS2,62.5,57,4.39,4.41,2.75
4576,1,Very Good,E,SI2,60.6,60,6.33,6.4,3.86
12063,1.76,Premium,D,SI1,61,60,7.76,7.68,4.77
1363,0.53,Ideal,F,SI1,62.9,57,5.18,5.15,3.25
675,0.3,Premium,E,SI1,62.4,58,4.28,4.24,2.66
4752,1.07,Ideal,G,SI2,62.1,55,6.54,6.61,4.08
1738,0.5,Very Good,F,VS1,62.6,59,5.03,5.06,3.16
2541,0.7,Ideal,H,VVS1,62,57,5.66,5.7,3.52
1024,0.39,Premium,D,VS2,61.4,60,4.72,4.7,2.89
1800,0.51,Good,G,VVS2,63.7,54,5.08,5.1,3.24
1286,0.59,Very Good,E,SI2,63.8,57,5.31,5.34,3.4
1793,0.59,Ideal,E,SI1,60.7,56,5.45,5.49,3.32
10827,1.53,Premium,H,VS2,59.9,60,7.5,7.46,4.48
3677,0.9,Ideal,I,VS1,61.6,56,6.22,6.16,3.81
1013,0.38,Ideal,D,VS2,61.8,56,4.65,4.67,2.88
798,0.35,Very Good,G,VVS2,62.8,58,4.44,4.48,2.8
12392,1.57,Very Good,H,SI1,62.4,58,7.39,7.49,4.64
827,0.41,Good,E,VS1,62.8,58,4.67,4.7,2.94
2823,0.61,Ideal,E,VVS2,61.3,54,5.51,5.59,3.4
16392,2.07,Premium,I,SI1,62.9,59,8.15,8.09,5.11
1022,0.43,Premium,D,SI1,62.4,60,4.82,4.79,3
4241,0.9,Ideal,D,SI2,60.8,56,6.24,6.26,3.8
2275,0.79,Premium,H,SI1,61.8,59,5.97,5.91,3.67
4558,1.02,Good,H,SI1,63.9,55,6.4,6.37,4.08
5122,1.01,Fair,D,SI1,66.2,56,6.05,6.1,4.02
1050,0.4,Premium,F,VS1,60.4,59,4.76,4.75,2.87
3239,0.73,Ideal,I,VVS1,61.8,57,5.75,5.77,3.56
2025,0.5,Ideal,F,VVS2,62.2,54,5.07,5.12,3.17
630,0.3,Premium,G,VS2,61.8,60,4.29,4.25,2.64
3909,0.71,Ideal,G,VVS2,61.5,57,5.74,5.78,3.54
512,0.23,Ideal,H,VS2,62.3,53,3.96,3.99,2.48
828,0.32,Ideal,F,VS2,61.3,56,4.43,4.41,2.71
5433,1.05,Premium,E,SI1,61.2,58,6.57,6.53,4.01
1076,0.41,Ideal,F,VS1,62.1,56,4.76,4.74,2.95
2310,0.7,Very Good,G,SI1,61.7,56,5.66,5.75,3.52
5998,1.02,Premium,D,SI1,62.5,59,6.4,6.34,3.98
13182,2.1,Ideal,I,SI1,61.7,55,8.21,8.13,5.04
928,0.33,Ideal,E,VS2,60.3,57,4.54,4.51,2.73
2816,0.61,Ideal,G,VVS2,60.1,57,5.52,5.54,3.32
6078,1.34,Ideal,H,VS2,61.2,56,7.09,7.05,4.33
680,0.38,Very Good,I,VS2,61.7,56,4.65,4.68,2.88
3541,1.52,Premium,I,I1,61.2,58,7.43,7.35,4.52
2075,0.7,Premium,F,SI2,62.6,58,5.64,5.6,3.52
8742,1.03,Ideal,D,VS1,61.5,57,6.48,6.52,4
2123,0.52,Ideal,F,VS1,61.3,56,5.19,5.22,3.19
1668,0.51,Ideal,H,VS1,61.6,55,5.17,5.19,3.19
3740,0.9,Good,D,SI2,63.6,57,6.07,6.03,3.85
998,0.38,Premium,F,VS1,62.4,59,4.63,4.57,2.87
6438,1.31,Premium,I,VS2,61.9,59,7.02,6.98,4.33
581,0.38,Premium,I,SI1,60.5,58,4.67,4.72,2.84
1819,0.55,Ideal,F,VS2,61.1,57,5.3,5.27,3.23
1998,0.57,Very Good,D,VS2,61.4,56,5.34,5.37,3.29
1291,0.43,Very Good,E,VVS2,59.3,59,4.95,4.97,2.94
1817,0.7,Ideal,H,SI2,61.1,57,5.73,5.76,3.51
732,0.31,Good,D,SI1,63.7,54,4.35,4.31,2.76
8829,1.59,Premium,H,SI1,61,58,7.58,7.51,4.6
11688,1.73,Ideal,H,SI1,62.7,56,7.62,7.67,4.79
6128,1.06,Ideal,G,VS2,61.8,57,6.52,6.56,4.04
4207,1.02,Very Good,F,SI2,60,60,6.53,6.57,3.93
2444,0.78,Premium,F,SI2,62.7,56,5.87,5.84,3.67
2479,0.7,Fair,G,VS2,64.9,57,5.55,5.54,3.6
6108,1.01,Premium,G,VS2,62.4,58,6.41,6.38,3.99
2710,0.7,Fair,G,VVS2,65.3,61,5.58,5.48,3.61
896,0.4,Ideal,H,SI1,61.8,57,4.75,4.77,2.94
883,0.4,Ideal,G,VVS2,61.4,53,4.73,4.81,2.93
6863,1.02,Very Good,D,SI1,60.3,56,6.55,6.57,3.96
7226,1,Good,E,VVS2,65.3,56,6.19,6.24,4.06
2512,0.7,Very Good,G,VS1,60.8,56,5.72,5.76,3.49
2276,0.73,Ideal,F,SI2,62.1,56,5.77,5.8,3.59
914,0.39,Very Good,E,VS1,62.5,58,4.67,4.7,2.93
6140,1.29,Premium,I,SI1,62.2,58,7.03,6.96,4.35
2617,0.7,Ideal,E,SI1,60.2,58,5.75,5.78,3.47
5042,1.11,Very Good,D,SI2,59.9,57,6.72,6.74,4.03
540,0.32,Premium,J,VS1,61.7,58,4.4,4.38,2.71
735,0.3,Ideal,G,VVS1,60.9,56.8,4.34,4.38,2.65
4113,1.02,Premium,H,SI2,61.1,61,6.51,6.48,3.97
752,0.39,Ideal,G,VS1,61.3,56,4.68,4.71,2.88
1129,0.43,Premium,F,VS1,61,57,4.89,4.84,2.97
4105,0.91,Very Good,G,VS2,64,56.6,6.09,6.15,3.92
695,0.38,Ideal,G,SI1,60.6,57,4.71,4.76,2.87
3635,0.74,Ideal,G,VS1,61.2,56,5.83,5.86,3.58
893,0.34,Premium,E,VS2,62.7,56,4.51,4.48,2.82
948,0.43,Very Good,E,SI1,63.1,56,4.83,4.8,3.04
470,0.27,Very Good,E,VS1,62.9,56,4.12,4.15,2.6
4077,1.12,Premium,I,SI1,61.3,58,6.69,6.68,4.1
452,0.26,Ideal,F,VS1,62.3,56,4.08,4.1,2.55
4751,1.01,Premium,E,SI2,62.6,57,6.35,6.33,3.97
7759,1.52,Very Good,J,SI1,59.9,57,7.45,7.47,4.47
2586,0.77,Very Good,G,SI1,63.2,57,5.86,5.76,3.67
5860,1,Good,G,VS2,63.5,59,6.23,6.33,3.99
18531,2.22,Ideal,I,VS2,61.3,56,8.45,8.36,5.15
779,0.3,Ideal,E,VVS2,61.7,53.8,4.31,4.34,2.67
6225,1.09,Ideal,I,VS1,61.4,56,6.61,6.66,4.07
10888,1.22,Ideal,G,VVS1,61.1,56,6.91,6.94,4.23
2360,0.71,Ideal,H,SI2,62.2,55,5.72,5.7,3.55
5707,1.21,Ideal,J,VS2,62.5,57,6.79,6.74,4.23
813,0.41,Very Good,G,VS2,61.4,59.2,4.76,4.78,2.93
1410,0.5,Ideal,E,SI1,60.1,57,5.14,5.27,3.13
584,0.37,Premium,I,VS1,61.4,59,4.55,4.61,2.81
4165,0.9,Good,E,SI1,58.3,61,6.24,6.29,3.65
2037,1.04,Fair,I,I1,67.3,56,6.34,6.23,4.22
1608,0.5,Ideal,H,VVS2,60.3,58,5.14,5.21,3.12
3838,1.12,Premium,G,SI2,61,60,6.7,6.64,4.07
1779,0.51,Ideal,D,VS1,62.4,57,5.09,5.13,3.19
2822,0.71,Ideal,D,SI1,60.2,56,5.86,5.83,3.52
1041,0.3,Ideal,D,VVS2,61.7,57,4.3,4.32,2.66
5285,1.04,Very Good,H,SI1,62,58,6.42,6.48,4
2822,0.72,Premium,E,VS2,60.9,60,5.8,5.76,3.52
5294,1.01,Premium,H,VS1,61.2,61,6.44,6.41,3.93
4501,1.14,Good,G,SI2,63.7,58,6.62,6.54,4.19
2422,0.7,Very Good,H,VS1,62.1,56,5.65,5.68,3.52
5288,1.33,Premium,F,SI2,60.7,62,7.12,7.07,4.31
8858,1.56,Premium,I,VVS2,60.5,58,7.53,7.45,4.53
5728,1,Ideal,E,SI1,62.8,54.2,6.32,6.4,4.01
16733,2.01,Ideal,H,SI1,65.1,56,7.91,7.84,5.12
444,0.32,Premium,E,I1,60.9,58,4.42,4.38,2.68
16643,1.67,Ideal,G,VS1,61.5,55,7.62,7.67,4.7
9069,1.51,Good,D,SI2,62.1,60,7.25,7.3,4.52
4202,1.1,Very Good,I,SI2,60.5,59,6.65,6.71,4.04
5274,1.01,Ideal,F,SI1,60,56,6.55,6.49,3.91
6915,1.02,Very Good,E,VS2,60,59,6.54,6.59,3.94
936,0.32,Ideal,H,VVS1,62.2,56,4.38,4.37,2.72
2333,0.72,Premium,E,SI1,62.8,52,5.78,5.72,3.61
4627,1.08,Premium,G,SI2,62.9,59,6.57,6.53,4.12
2154,0.48,Ideal,F,IF,62.1,55,5,5.05,3.12
6050,1,Good,E,VS2,57.4,58,6.57,6.61,3.78
11859,1.61,Ideal,G,SI1,62.4,55,7.51,7.48,4.68
662,0.32,Ideal,E,VS2,61,56,4.4,4.42,2.69
2876,0.73,Premium,E,VS1,62.6,60,5.68,5.75,3.58
2207,0.61,Premium,D,VS1,62.4,57,5.46,5.44,3.4
4972,1.06,Very Good,E,SI2,62.1,56,6.52,6.59,4.07
1079,0.41,Premium,E,VS1,60.8,59,4.76,4.82,2.91
5570,1.2,Good,I,VS1,57.8,61,7.02,6.96,4.04
3447,0.9,Good,H,SI1,62.8,62,6.05,6.09,3.81
650,0.28,Ideal,G,IF,61.5,57,4.19,4.21,2.58
3472,1,Good,H,SI2,63.7,58,6.28,6.15,3.96
778,0.31,Ideal,G,VVS1,62.3,53,4.37,4.42,2.74
2846,1.01,Fair,H,SI2,65.4,59,6.3,6.26,4.11
2624,0.93,Premium,E,I1,62.3,60,6.2,6.23,3.87
756,0.32,Ideal,D,SI1,62.6,55,4.39,4.36,2.74
2090,0.54,Ideal,G,VVS2,60.6,56,5.27,5.26,3.19
761,0.31,Very Good,G,VVS1,62.8,57,4.3,4.33,2.71
4241,1.05,Good,G,SI2,63.2,54,6.49,6.52,4.11
666,0.33,Ideal,G,VS1,62.4,56,4.43,4.45,2.77
2259,0.7,Ideal,F,SI2,62,55,5.69,5.73,3.54
2243,0.61,Very Good,E,VS1,61.1,58,5.47,5.52,3.36
4235,1.1,Very Good,I,SI1,60.4,61,6.69,6.73,4.05
1147,0.7,Fair,I,I1,68.6,57,5.46,5.34,3.71
4072,1.01,Good,F,SI2,63.6,59,6.38,6.34,4.04
14973,2,Good,J,VS1,62.4,58,8.01,8.08,5.02
665,0.3,Ideal,H,VVS1,62,56,4.29,4.32,2.67
802,0.31,Ideal,F,VS2,61.9,55,4.35,4.31,2.68
788,0.35,Ideal,E,SI1,61,57,4.57,4.54,2.78
1443,0.51,Ideal,E,SI1,62.3,56,5.15,5.12,3.2
2511,0.71,Ideal,E,SI2,59.5,57,5.87,5.82,3.48
3548,0.9,Ideal,H,SI2,62.6,57,6.16,6.07,3.83
8092,1.51,Ideal,J,VS1,62.7,56,7.3,7.35,4.59
1111,0.4,Ideal,D,VVS2,62.8,56,4.68,4.72,2.95
565,0.31,Ideal,D,SI1,61.7,55,4.37,4.41,2.71
5521,1.23,Premium,I,VS2,61.7,58,6.85,6.87,4.23
4418,1.15,Very Good,H,SI2,61.4,58,6.7,6.75,4.13
3385,0.78,Very Good,E,SI1,59.8,57,5.98,6.02,3.59
2451,0.73,Ideal,I,VVS2,60.1,56,5.88,5.86,3.53
833,0.37,Ideal,E,SI1,61.9,56,4.6,4.57,2.84
7240,1.53,Ideal,G,SI2,61.7,57,7.44,7.41,4.58
1080,0.4,Premium,F,VS2,59.7,58,4.83,4.79,2.87
2979,0.7,Ideal,E,VS2,61.7,56,5.74,5.71,3.53
5656,1.01,Premium,E,SI1,59.2,60,6.56,6.51,3.87
1940,0.7,Premium,J,VS2,61.2,60,5.73,5.7,3.5
4102,1.11,Very Good,E,SI2,61.7,63,6.54,6.65,4.07
544,0.31,Premium,H,VS1,62.4,58,4.32,4.36,2.71
3755,0.9,Good,D,SI1,64.1,56,6.04,6.07,3.88
3418,0.93,Good,F,SI2,59.4,61,6.24,6.25,3.71
16677,2.01,Very Good,H,VS2,63.5,59,7.92,7.86,5.01
1220,0.51,Very Good,G,SI1,63,53,5.1,5.13,3.22
486,0.26,Very Good,H,VVS2,60.5,56,4.13,4.16,2.51
1242,0.53,Premium,F,SI2,62.5,57,5.17,5.11,3.21
4338,1.01,Premium,D,SI2,61.8,57,6.47,6.42,3.98
3001,0.9,Premium,I,SI2,60.6,60,6.23,6.28,3.79
3929,1,Ideal,J,SI1,59.2,62,6.47,6.5,3.84
678,0.24,Ideal,F,VVS2,62.1,56,3.96,3.99,2.46
491,0.3,Ideal,H,VS2,62.3,56,4.27,4.3,2.67
4622,1.1,Premium,E,SI2,60.9,60,6.66,6.61,4.04
1367,0.55,Ideal,I,SI1,61.3,56,5.29,5.34,3.26
2230,0.53,Ideal,E,VVS2,62,58,5.16,5.2,3.21
880,0.34,Ideal,F,VS2,62.9,55,4.48,4.46,2.81
1018,0.41,Ideal,D,VS1,61.2,57,4.77,4.81,2.93
526,0.3,Premium,H,VS1,61,58,4.28,4.31,2.62
3992,0.9,Fair,F,VS2,58.9,67,6.18,6.17,3.64
1152,0.53,Very Good,H,SI1,61.7,60,5.17,5.21,3.2
1197,0.39,Ideal,D,VS2,61.4,56,4.71,4.73,2.9
665,0.3,Ideal,H,VVS1,61.6,57,4.3,4.34,2.66
2168,0.52,Ideal,F,VVS2,61.6,57,5.16,5.2,3.19
572,0.33,Premium,I,SI1,61.4,58,4.5,4.46,2.75
14294,1.51,Premium,F,VS2,62.5,58,7.36,7.21,4.55
1847,0.54,Premium,G,VS1,61.6,56,5.26,5.23,3.23
2227,0.58,Ideal,F,VS1,60.3,57,5.47,5.44,3.29
956,0.39,Very Good,G,VVS2,63.4,57,4.65,4.62,2.94
1028,0.35,Ideal,H,IF,60.9,57,4.58,4.6,2.8
612,0.32,Good,D,SI2,63.7,56,4.34,4.33,2.76
1915,0.56,Premium,G,VS1,61.2,60,5.3,5.26,3.23
1115,0.41,Ideal,F,VVS2,62.6,55,4.73,4.76,2.97
1768,0.55,Ideal,D,VS2,61,56,5.31,5.28,3.23
1882,0.51,Ideal,D,VS2,61.8,55,5.16,5.1,3.17
7633,1.19,Ideal,H,VS2,62,54,6.79,6.83,4.22
1698,0.55,Premium,D,SI1,60.5,60,5.3,5.27,3.2
11422,1.25,Ideal,E,VS2,60.7,56,6.97,6.99,4.24
5294,1.01,Premium,H,VS1,62.7,58,6.39,6.37,4
5330,1.03,Premium,F,VS2,60.5,59,6.6,6.52,3.97
7409,1.75,Ideal,H,I1,61.5,55,7.78,7.75,4.78
3123,0.82,Ideal,G,SI1,60.7,57,6.07,6.06,3.68
3884,1.29,Very Good,J,SI2,63.5,57,6.89,6.87,4.37
3015,0.78,Ideal,H,VVS2,61.7,55,5.9,5.94,3.65
1432,0.46,Premium,F,VS1,60.5,58,5.02,4.97,3.02
1331,0.5,Very Good,E,SI1,60.9,58,5.1,5.14,3.12
7713,1.7,Very Good,J,SI1,59.1,61,7.79,7.85,4.62
1693,0.54,Premium,F,SI1,62.3,58,5.26,5.2,3.26
13530,1.52,Premium,F,VS2,59.4,60,7.61,7.5,4.49
3513,1.02,Premium,J,VS2,61.6,58,6.4,6.35,3.93
1415,0.5,Premium,E,SI1,62.3,58,5.15,5.09,3.19
478,0.24,Very Good,D,VVS1,59.2,59,4.04,4.1,2.41
4044,1.02,Premium,D,SI2,61.3,62,6.46,6.42,3.95
1131,0.3,Ideal,F,IF,60.7,56,4.35,4.38,2.65
15543,2.04,Premium,I,SI2,60.2,59,8.28,8.22,4.97
12502,1.52,Premium,D,SI1,60.2,58,7.49,7.46,4.5
6453,1.09,Very Good,G,VS1,59.7,63,6.65,6.74,4
635,0.38,Premium,D,SI1,59.1,58,4.74,4.77,2.81
1427,0.41,Ideal,D,VS1,61.1,56,4.8,4.83,2.94
8315,1.14,Very Good,E,VS1,63.1,59,6.63,6.61,4.18
1074,0.4,Ideal,E,SI1,62.2,54,4.76,4.72,2.95
4063,0.97,Fair,F,SI1,56.4,66,6.59,6.54,3.7
1698,0.56,Ideal,I,VVS1,62,56,5.29,5.26,3.27
9872,1.13,Ideal,G,VVS1,59.6,57,6.89,6.81,4.08
3270,0.72,Very Good,E,VS2,59.8,57,5.84,5.89,3.51
1652,0.59,Ideal,F,SI1,61.7,56,5.36,5.4,3.32
854,0.33,Ideal,F,VS2,61.6,56,4.46,4.44,2.74
561,0.32,Premium,G,VS2,61.5,58,4.35,4.4,2.69
833,0.37,Premium,E,SI1,61.8,58,4.64,4.59,2.85
2827,0.72,Good,D,VS2,64,54,5.68,5.7,3.64
1893,0.5,Ideal,D,VS2,61.8,56,5.11,5.14,3.16
5055,1.01,Good,D,SI1,63.9,61,6.28,6.31,4.02
1857,0.53,Ideal,D,VS2,61.2,57,5.2,5.26,3.2
17650,2.06,Premium,G,SI2,62.7,58,8.12,8.09,5.08
2192,0.58,Fair,E,VS1,57.9,56,5.52,5.49,3.19
7336,1,Premium,F,VS1,62.3,61,6.38,6.33,3.96
945,0.35,Ideal,I,IF,62.5,55,4.54,4.52,2.83
3261,0.7,Ideal,F,VS1,61.5,55,5.73,5.75,3.53
823,0.37,Ideal,D,SI1,61.1,57,4.63,4.64,2.83
802,0.31,Premium,G,VS1,61.8,59,4.35,4.32,2.68
666,0.33,Ideal,F,VS2,62.3,55,4.42,4.47,2.77
15585,1.5,Very Good,F,VS1,60.5,55,7.39,7.48,4.5
3527,0.95,Very Good,E,SI2,58.7,63,6.43,6.37,3.76
1015,0.41,Premium,D,SI1,62.1,59,4.76,4.74,2.95
5037,1.23,Very Good,G,SI2,60.8,59,6.88,6.97,4.21
13720,1.5,Premium,G,VS1,60.2,58,7.41,7.38,4.45
3961,1.09,Premium,D,SI2,61.9,61,6.58,6.54,4.06
674,0.41,Very Good,E,SI1,60,58,4.79,4.88,2.9
2844,0.73,Very Good,E,SI1,57.7,61,5.92,5.96,3.43
3544,1.06,Ideal,F,I1,61.8,55,6.55,6.58,4.06
808,0.32,Ideal,E,VVS2,61,55,4.43,4.45,2.71
6708,1.21,Very Good,F,SI1,59.4,56,6.95,7,4.14
1313,0.41,Very Good,F,IF,61.6,58,4.75,4.79,2.94
609,0.31,Ideal,H,VVS2,61.4,55,4.37,4.39,2.69
4878,1.28,Good,J,SI1,63.4,59,6.84,6.89,4.35
756,0.36,Premium,G,VS2,62.5,58,4.55,4.51,2.83
2297,0.57,Ideal,E,VS1,61,56,5.38,5.4,3.29
4516,1.05,Very Good,G,SI2,62.6,62,6.45,6.49,4.05
471,0.29,Very Good,G,VS2,61.9,55,4.25,4.28,2.64
3990,0.93,Ideal,D,SI2,62.5,55,6.2,6.24,3.89
8743,1.64,Premium,I,SI2,61.3,58,7.62,7.58,4.66
6270,1.01,Very Good,D,SI1,63.6,59,6.33,6.37,4.04
530,0.23,Very Good,E,VVS1,62.1,58,3.9,3.93,2.43
2075,0.61,Premium,F,VS2,59.6,61,5.58,5.5,3.3
2333,0.54,Ideal,F,VVS2,61.2,55,5.27,5.25,3.22
683,0.31,Ideal,D,VS1,60.5,55,4.39,4.43,2.67
2544,0.61,Ideal,G,VVS1,62.7,58,5.39,5.43,3.39
11817,1.51,Premium,F,SI1,61.4,58,7.43,7.35,4.54
4724,0.9,Ideal,F,SI1,61.3,56,6.21,6.23,3.81
872,0.35,Ideal,F,VVS2,61.2,56,4.56,4.58,2.8
1338,0.56,Very Good,F,SI1,63.3,56,5.26,5.22,3.32
625,0.31,Very Good,H,VVS2,62.4,58,4.28,4.31,2.68
1192,0.41,Ideal,F,VVS2,62.5,56,4.75,4.72,2.96
1875,0.6,Premium,E,VS1,61,61,5.46,5.39,3.31
1063,0.35,Ideal,E,VS1,61.9,56,4.53,4.51,2.8
2873,0.76,Ideal,E,SI2,62.8,56,5.78,5.82,3.64
1737,0.58,Ideal,D,SI1,61.1,57,5.36,5.41,3.29
951,0.39,Premium,E,VS2,61.3,61,4.7,4.66,2.87
2537,0.7,Ideal,E,SI1,62.8,56,5.69,5.72,3.58
591,0.27,Very Good,F,VVS2,60.8,59,4.17,4.19,2.54
9987,1.5,Very Good,H,SI1,61,55,7.35,7.44,4.51
13474,1.51,Premium,F,VS2,62.2,60,7.25,7.34,4.54
5386,1.11,Ideal,H,SI1,62.7,56,6.65,6.59,4.15
5101,1.05,Ideal,I,VS1,61.5,55,6.56,6.61,4.05
7190,1.2,Ideal,H,VS2,60.8,55,6.9,6.85,4.18
10553,1.51,Fair,G,VS2,58.1,67,7.59,7.49,4.38
4871,1.09,Very Good,H,SI1,63.2,57,6.57,6.54,4.14
844,0.3,Premium,E,VS2,62,58,4.29,4.26,2.65
684,0.3,Very Good,G,VVS2,63,57,4.28,4.32,2.71
1569,0.51,Premium,D,SI1,60.1,60,5.15,5.17,3.1
859,0.46,Very Good,F,SI2,61.6,55,4.98,5.02,3.08
4799,1.07,Ideal,E,SI2,61.2,56,6.63,6.66,4.07
756,0.36,Premium,E,SI1,62.2,59,4.57,4.53,2.83
5408,1.13,Very Good,D,SI2,62.3,60,6.59,6.7,4.14
1427,0.53,Ideal,I,VS1,62.3,56,5.19,5.23,3.24
1637,0.54,Premium,E,SI1,62.2,58,5.26,5.23,3.26
2376,0.6,Premium,H,VS1,60.8,59,5.49,5.43,3.32
670,0.3,Ideal,D,VS2,61.3,56,4.32,4.36,2.66
600,0.36,Premium,F,SI1,61.6,60,4.54,4.61,2.82
884,0.42,Ideal,I,VVS1,60.2,57,4.85,4.88,2.93
6540,1.01,Very Good,F,VS2,63.2,59,6.3,6.36,4
1292,0.57,Ideal,H,SI1,61.3,54,5.34,5.39,3.29
4661,0.94,Very Good,E,SI1,61.8,56,6.29,6.33,3.9
10049,1.03,Ideal,F,VVS2,61.1,57,6.51,6.54,3.99
645,0.32,Ideal,H,VVS2,61.8,55,4.38,4.42,2.72
1013,0.3,Very Good,G,VVS1,63.1,58,4.31,4.28,2.71
5570,1.09,Very Good,F,SI1,62.3,57,6.55,6.61,4.1
9784,1.56,Good,F,SI2,57.5,58,7.82,7.67,4.45
1662,0.51,Premium,G,VS1,62.2,58,5.11,5.09,3.17
769,0.26,Ideal,F,VVS1,61.6,57,4.1,4.08,2.52
16687,2.39,Premium,H,SI1,60.6,58,8.65,8.58,5.22
2652,0.75,Ideal,E,SI1,61.5,56,5.88,5.84,3.6
8205,1.53,Premium,J,VS1,62.8,59,7.34,7.31,4.6
2334,0.89,Fair,I,VS1,68.2,65,5.82,5.74,3.94
765,0.34,Ideal,E,SI1,61.4,55,4.54,4.48,2.77
1753,0.53,Premium,F,VS2,61.9,58,5.2,5.17,3.21
802,0.31,Very Good,G,VS1,63.3,56,4.33,4.29,2.73
3236,0.72,Ideal,D,VS2,60.9,55,5.77,5.89,3.55
4679,1,Fair,F,SI1,56.5,60,6.62,6.66,3.75
4965,1.01,Premium,H,SI1,61.8,59,6.41,6.37,3.95
5350,1.02,Fair,E,VS2,66.6,57,6.09,6.14,4.07
587,0.31,Ideal,G,VS1,60.6,58,4.39,4.42,2.67
1218,0.57,Good,H,SI1,63.1,54,5.28,5.3,3.34
7957,1.51,Good,I,SI2,63.6,60,7.27,7.23,4.61
10891,1.51,Very Good,E,SI1,63.5,57,7.28,7.23,4.61
3726,1.21,Good,E,I1,63.3,63,6.67,6.72,4.24
2752,0.72,Ideal,H,VVS2,62.3,56,5.74,5.81,3.6
4877,1.11,Good,D,SI2,60.1,63,6.68,6.7,4.02
1629,0.5,Ideal,E,VS2,62.5,57,5.1,5.04,3.17
3154,0.8,Ideal,D,SI2,61.9,54,6,5.95,3.7
863,0.41,Good,F,VS2,63.2,57,4.74,4.76,3
776,0.3,Premium,H,VVS2,62.9,57,4.31,4.28,2.7
696,0.33,Very Good,D,VS1,60.1,59,4.46,4.49,2.69
9833,1.51,Good,E,SI2,63.2,56,7.26,7.32,4.61
3293,0.86,Very Good,G,SI1,62.9,55,6.04,6.08,3.81
5861,1.01,Very Good,F,SI1,62.4,59,6.37,6.42,3.99
5996,1.2,Ideal,G,SI1,60.5,56,6.84,6.87,4.15
960,0.32,Ideal,E,VS2,60.2,57,4.51,4.46,2.7
4271,1.01,Very Good,G,SI1,63.5,60,6.41,6.38,3.92
710,0.3,Ideal,D,VS2,61.6,57,4.3,4.33,2.66
5125,1.09,Ideal,H,SI1,62.3,55,6.58,6.61,4.11
1065,0.63,Ideal,J,SI2,61.4,54,5.54,5.56,3.41
814,0.3,Ideal,F,VVS1,61.5,58,4.3,4.32,2.65
4229,0.93,Ideal,E,SI1,62.8,56,6.24,6.19,3.9
17203,1.5,Premium,F,VVS2,58.8,58,7.51,7.43,4.39
8403,1.01,Very Good,E,VS1,60.4,60,6.43,6.48,3.9
12787,1.5,Ideal,G,VS2,62.5,55,7.26,7.23,4.53
741,0.32,Ideal,F,VVS2,62.1,56,4.4,4.46,2.75
1809,0.79,Very Good,G,SI2,63.4,60,5.83,5.77,3.68
2241,0.63,Very Good,G,VS1,59.9,57,5.57,5.62,3.35
1709,0.54,Ideal,H,VS1,61.8,56,5.21,5.25,3.23
3126,0.57,Ideal,D,VVS1,61.6,56,5.33,5.35,3.29
4205,1.01,Fair,D,SI2,65.3,55,6.33,6.19,4.09
1273,0.55,Ideal,E,SI2,62,56,5.27,5.22,3.25
660,0.29,Very Good,G,VS1,58.1,59,4.39,4.42,2.56
3596,0.84,Very Good,G,VS2,61.8,57,6.04,6.07,3.74
7358,1.31,Premium,G,SI1,62.2,56,7.02,6.97,4.35
573,0.42,Very Good,G,SI2,59.5,61,4.85,4.9,2.9
706,0.35,Ideal,H,VVS2,62.5,57,4.48,4.54,2.82
1937,0.5,Ideal,D,VS1,61.9,55,5.09,5.12,3.16
3603,0.83,Very Good,F,VS1,63.3,56,5.99,5.92,3.77
5254,1,Good,H,VS2,60.9,61,6.38,6.42,3.9
9901,1.16,Ideal,G,IF,62.3,55,6.73,6.79,4.21
3581,0.78,Ideal,H,VVS2,62.1,56,5.88,5.9,3.66
827,0.41,Very Good,H,VS1,62,56,4.74,4.78,2.95
7145,1.51,Premium,G,SI2,62.7,57,7.33,7.29,4.58
668,0.24,Premium,E,VVS1,60.6,59,4.02,4,2.43
1665,0.55,Ideal,E,VS2,61.5,57,5.25,5.29,3.24
2263,0.7,Very Good,E,SI2,62,59,5.61,5.68,3.5
9533,1.5,Ideal,I,VS1,60.5,56,7.38,7.46,4.49
1778,0.46,Very Good,D,VVS1,62.2,56,4.94,4.97,3.08
6108,1.01,Very Good,G,VS2,63.1,60,6.36,6.31,4
12608,1.36,Ideal,F,VVS2,61.6,56,7.17,7.08,4.39
844,0.3,Ideal,E,VS2,61.8,55,4.35,4.33,2.68
651,0.3,Ideal,D,VS1,62.2,56,4.27,4.31,2.67
1608,0.57,Premium,E,SI1,61.4,58,5.28,5.34,3.26
9542,1.42,Good,F,VS2,63.7,57,7.08,6.99,4.48
520,0.3,Premium,D,SI1,62.5,59,4.26,4.22,2.65
1412,0.59,Premium,F,SI1,61.7,60,5.37,5.39,3.32
1614,0.5,Ideal,E,VS2,61.4,55,5.12,5.14,3.15
6377,1,Ideal,G,VS2,62.4,59,6.36,6.4,3.98
844,0.3,Ideal,E,VS2,61.7,55,4.32,4.3,2.66
3535,0.84,Very Good,G,VS2,62,56,6.07,6.09,3.77
2149,0.63,Very Good,F,VS1,59.2,57,5.56,5.66,3.32
2386,0.71,Ideal,G,SI1,61.4,57,5.76,5.71,3.52
9875,1.57,Premium,D,SI2,62.9,61,7.41,7.37,4.65
1694,0.52,Ideal,E,VS2,61.4,54,5.23,5.2,3.2
4565,1.09,Ideal,J,SI1,61.4,55,6.61,6.67,4.08
4238,1.02,Premium,F,SI2,62,59,6.42,6.33,3.95
452,0.31,Ideal,I,VS2,61.6,57,4.36,4.4,2.7
3192,0.76,Premium,E,VS2,60.1,59,6.01,5.97,3.6
907,0.31,Ideal,G,VVS2,62.7,57,4.34,4.31,2.71
631,0.33,Ideal,D,SI2,62.4,56,4.44,4.41,2.76
2240,0.7,Ideal,I,VS2,62.1,54.6,5.68,5.72,3.54
552,0.3,Good,D,SI1,63.4,56,4.26,4.29,2.71
1819,0.57,Premium,G,VS1,61,57,5.4,5.35,3.28
2060,0.64,Very Good,G,VS1,60.4,62,5.54,5.58,3.36
5291,1.02,Very Good,G,SI1,61.3,56,6.43,6.53,3.97
6121,1.22,Premium,I,VS1,61.1,58,6.91,6.84,4.2
561,0.32,Good,G,VS2,63.3,54,4.36,4.39,2.77
1046,0.31,Premium,G,VVS1,62.1,59,4.35,4.32,2.69
1152,0.52,Ideal,I,VS2,62.3,54,5.17,5.2,3.23
2310,0.7,Ideal,G,SI1,61.9,58,5.69,5.72,3.53
1896,0.6,Very Good,D,SI1,62.2,56,5.4,5.44,3.37
1970,0.51,Very Good,E,VS1,61.8,54.7,5.12,5.15,31.8
4363,1.05,Premium,F,SI2,62.8,55,6.55,6.48,4.09
2952,0.72,Ideal,G,VS2,61.5,55,5.76,5.79,3.55
3429,0.8,Good,F,VS2,63.2,55,5.88,5.9,3.72
4092,1.11,Ideal,J,SI2,61.7,57,6.63,6.69,4.11
1547,0.97,Fair,G,I1,57.2,60,6.59,6.36,3.72
504,0.35,Premium,H,SI1,62.4,58,4.47,4.54,2.81
727,0.36,Premium,D,VS2,60.3,58,4.63,4.66,2.8
2940,0.75,Ideal,E,VS2,61.6,57,5.84,5.81,3.59
3246,0.9,Premium,I,VS2,62.8,61,6.12,6.02,3.81
2583,0.74,Ideal,F,SI1,62.2,54,5.79,5.85,3.62
13605,1.7,Ideal,G,VS1,62.9,57,7.59,7.52,4.75
720,0.32,Premium,G,VS2,60.7,58,4.42,4.38,2.67
776,0.3,Ideal,G,VS1,61.5,56,4.34,4.28,2.65
3015,0.81,Ideal,E,SI2,61,56,5.99,6.05,3.67
5469,1.02,Premium,H,VS1,62.1,59,6.38,6.43,3.98
11312,2.01,Good,I,SI2,56.9,59,8.41,8.3,4.74
4195,1.01,Good,G,SI1,63.6,58,6.29,6.35,4.02
3898,0.78,Very Good,E,VS1,61.5,60,5.86,5.92,3.62
1975,0.55,Ideal,E,VS1,62.2,55,5.22,5.26,3.26
4336,1.01,Ideal,I,SI2,62.5,57,6.38,6.45,4.01
4661,0.94,Premium,E,SI1,60,58,6.37,6.44,3.84
8454,1.09,Premium,G,VVS2,59.5,61,6.74,6.7,4
4404,1.51,Premium,H,I1,60.9,56,7.38,7.26,4.46
4368,1,Premium,G,SI2,61.8,59,6.38,6.33,3.93
3145,0.7,Ideal,G,SI1,61.6,55,5.71,5.76,3.53
5996,1.21,Ideal,F,SI2,61.8,57,6.82,6.87,4.23
1619,0.51,Ideal,F,VS2,62.8,57,5.1,5.06,3.19
702,0.32,Ideal,E,VS2,62.2,55,4.37,4.38,2.72
1623,0.51,Ideal,D,VS2,61.8,54,5.12,5.17,3.18
7503,1.5,Premium,J,VS2,59.6,60,7.38,7.31,4.38
465,0.23,Very Good,E,VVS2,58,60,4.04,4.07,2.35
954,0.41,Very Good,E,VS1,62.2,58,4.74,4.78,2.96
3767,0.76,Premium,E,VVS2,60.6,59,5.94,5.85,3.57
410,0.3,Premium,H,SI2,60.2,62,4.37,4.34,2.62
4742,1.26,Ideal,J,SI2,62.5,53,6.9,6.86,4.3
591,0.32,Premium,H,SI1,62.6,55,4.38,4.37,2.74
863,0.34,Ideal,G,VVS1,61.7,56,4.5,4.55,2.79
842,0.32,Very Good,G,VVS1,61.9,58,4.36,4.39,2.71
2789,0.76,Premium,E,SI1,60.4,58,5.92,5.94,3.58
919,0.43,Ideal,E,SI2,61.9,57,4.86,4.83,3
2830,0.53,Ideal,F,VVS1,60.9,57,5.23,5.29,3.19
1427,0.56,Ideal,H,VS2,61.7,54,5.31,5.33,3.28
440,0.34,Ideal,H,SI1,61.4,55,4.51,4.55,2.78
814,0.32,Premium,E,VVS1,60.8,59,4.43,4.45,2.7
1690,0.5,Good,G,VVS2,61.2,63.3,5.06,5.08,3.1
2800,0.76,Fair,G,VS1,59,70,5.89,5.8,3.46
2933,0.73,Premium,F,VS2,59.9,58,5.84,5.87,3.51
871,0.31,Ideal,E,VS1,61.6,55,4.37,4.39,2.7
2405,0.7,Very Good,I,VS1,61.4,57,5.71,5.74,3.52
2499,0.55,Very Good,E,VVS2,60.6,56,5.33,5.36,3.24
1196,0.63,Ideal,H,SI2,61.7,55,5.51,5.56,3.41
1750,0.51,Very Good,G,VVS2,62.9,57,5.06,5.12,3.2
4240,1.04,Premium,E,SI2,61.6,59,6.57,6.55,4.04
404,0.29,Very Good,H,SI2,60.7,60,4.33,4.37,2.64
14334,1.51,Premium,F,VS2,61.9,59,7.31,7.39,4.55
854,0.33,Ideal,G,VS1,62.4,56,4.45,4.43,2.77
511,0.31,Ideal,G,VS2,62.1,54,4.34,4.36,2.7
2101,0.73,Very Good,J,VS2,62.7,57,5.71,5.74,3.59
1308,0.53,Ideal,G,SI1,62.7,55,5.15,5.19,3.24
1069,0.37,Premium,D,VVS1,61.4,58,4.63,4.65,2.85
736,0.33,Ideal,D,SI1,60.9,56,4.46,4.5,2.73
3906,1.01,Very Good,J,SI2,62.8,59,6.34,6.37,3.99
10685,1.59,Very Good,D,SI2,59.9,59,7.6,7.52,4.53
3170,0.74,Ideal,F,VS1,62.3,57,5.79,5.77,3.6
4698,1.07,Ideal,E,SI2,62.4,57,6.55,6.52,4.08
1641,0.58,Ideal,G,VS2,61.1,55,5.45,5.42,3.32
8592,1.12,Ideal,G,VVS2,62.5,56,6.59,6.66,4.14
524,0.32,Premium,E,SI1,61.2,58,4.37,4.42,2.69
1410,0.5,Good,G,VS2,63.2,57,4.99,5.04,3.17
1769,0.53,Ideal,E,SI1,60.9,57,5.21,5.24,3.18
11059,2.02,Premium,I,VS2,61.2,60,8.22,8.13,5
6399,1.25,Very Good,G,SI2,61.4,59,6.97,6.93,4.27
505,0.36,Ideal,G,SI2,62.3,54,4.57,4.61,2.86
878,0.3,Very Good,H,VVS1,63.4,55,4.3,4.28,2.72
617,0.42,Good,D,SI2,60.7,61,4.78,4.84,2.92
6623,1.08,Very Good,H,VVS1,63.1,57,6.57,6.52,4.13
2973,0.7,Good,E,VS1,59.8,62,5.74,5.8,3.45
605,0.3,Very Good,G,VS1,62.9,58,4.27,4.32,2.7
6600,1,Premium,E,VS2,60,60,6.43,6.43,3.89
5022,1.01,Ideal,I,VS1,62.5,59,6.33,6.41,3.98
4088,1,Very Good,F,SI1,63.2,54,6.3,6.23,3.96
1195,0.35,Ideal,E,VVS1,62.1,57,4.52,4.55,2.81
1095,0.32,Premium,E,IF,61.6,58,4.38,4.39,2.7
2394,0.7,Good,E,VS2,64.2,60,5.58,5.64,3.6
13853,1.5,Premium,F,VS2,60.9,60,7.42,7.35,4.5
839,0.41,Very Good,H,VVS2,61.3,54,4.75,4.87,2.95
765,0.34,Ideal,H,VS1,62.3,55,4.48,4.45,2.78
1621,0.42,Ideal,D,VVS1,61.6,56,4.82,4.79,2.96
3465,0.71,Very Good,D,VS1,62.9,56,5.65,5.7,3.57
490,0.34,Good,H,SI1,63.3,56,4.45,4.46,2.82
1632,0.51,Ideal,G,VS1,60.2,56,5.18,5.24,3.14
508,0.26,Ideal,H,VVS2,62.5,54,4.11,4.14,2.58
9467,1.51,Premium,I,VS1,62.3,60,7.28,7.32,4.55
4816,1,Premium,G,SI1,60.8,58,6.48,6.45,3.93
394,0.3,Very Good,F,SI2,62.6,61,4.2,4.24,2.64
2010,0.7,Good,I,VS2,57.1,61,5.9,5.93,3.38
985,0.42,Premium,F,VS1,59.8,57,4.89,4.85,2.91
726,0.36,Ideal,G,VS1,61.6,56,4.56,4.59,2.82
2879,0.72,Ideal,F,VS1,62,56,5.76,5.73,3.56
572,0.33,Very Good,I,SI1,63.2,58,4.38,4.36,2.76
1401,0.58,Very Good,F,SI1,59.9,58,5.35,5.4,3.22
14744,2.3,Ideal,G,SI2,61.4,57,8.51,8.48,5.22
6722,1.21,Premium,H,VS2,60.5,60,6.95,6.9,4.19
702,0.32,Very Good,E,VS2,60.5,55,4.43,4.49,2.7
5438,0.9,Premium,E,VS1,59.4,59,6.31,6.28,3.74
698,0.31,Ideal,G,VS2,61.7,57,4.36,4.33,2.68
1021,0.33,Ideal,F,VVS1,61.8,57,4.46,4.44,2.75
776,0.3,Premium,G,VS1,62.8,58,4.28,4.26,2.68
1168,0.31,Ideal,F,IF,61.4,56,4.37,4.42,2.7
4856,1.23,Premium,J,VS2,62.7,58,6.81,6.77,4.26
1986,0.71,Very Good,J,SI2,60.9,55,5.76,5.87,3.54
2793,0.73,Ideal,H,VS2,62.7,55,5.72,5.76,3.6
1640,0.51,Very Good,E,VS2,61.8,58,5.13,5.07,3.15
7079,1.01,Very Good,F,VS1,62.5,60,6.36,6.41,3.99
1637,0.57,Very Good,F,VS2,62,54,5.31,5.34,3.3
462,0.31,Premium,G,SI1,61.8,60,4.32,4.35,2.68
544,0.31,Premium,G,VS2,59.8,60,4.4,4.43,2.64
776,0.3,Good,H,VVS2,63.7,55,4.27,4.24,2.71
2682,0.76,Ideal,D,SI2,62.2,57,5.83,5.85,3.63
1020,0.5,Very Good,F,SI2,62.9,57,5.02,5.06,3.17
2161,0.7,Ideal,F,SI1,61.2,56,5.72,5.78,3.52
13499,1.72,Good,F,SI1,63.2,61,7.57,7.62,4.8
6466,0.9,Very Good,E,VVS2,62,55,6.08,6.17,3.8
4255,0.9,Very Good,H,VS2,60,56,6.3,6.34,3.79
593,0.31,Good,D,SI2,63.6,54,4.34,4.31,2.75
7659,1.34,Ideal,H,SI1,62.4,54,7.05,7.08,4.41
5152,1.15,Ideal,J,VS1,61.5,55,6.81,6.76,4.17
698,0.31,Ideal,H,VS1,62.2,57,4.37,4.34,2.71
1433,0.38,Ideal,E,IF,61.1,56,4.67,4.72,2.87
4093,1.02,Good,H,SI1,57.1,61,6.57,6.66,3.78
4895,1.05,Very Good,I,VS2,63.2,56,6.47,6.51,4.1
2845,0.7,Very Good,E,VS2,61.8,59,5.65,5.68,3.5
749,0.31,Ideal,F,VS2,60.8,57,4.41,4.38,2.67
5055,0.91,Premium,E,VS2,62.3,58,6.21,6.15,3.85
1639,0.54,Ideal,H,VVS2,61.6,56,5.24,5.27,3.24
725,0.3,Very Good,G,VS1,63.5,58,4.26,4.21,2.69
7982,1.01,Premium,F,VS1,61.2,59,6.48,6.42,3.95
8429,1.31,Ideal,H,VS1,61.5,55,7.02,7.05,4.33
5152,1,Premium,F,SI1,62.1,59,6.39,6.36,3.96
1372,0.46,Premium,E,VS1,61.7,59,4.93,4.96,3.05
924,0.31,Premium,G,IF,61.4,59,4.34,4.39,2.68
1046,0.31,Very Good,G,VVS1,63.5,57,4.33,4.3,2.74
1389,0.52,Very Good,E,SI1,62.8,56,5.13,5.15,3.23
1753,0.53,Ideal,D,SI1,62,55,5.24,5.22,3.24
673,0.4,Ideal,E,SI1,62.2,54,4.74,4.78,2.96
1989,0.72,Very Good,J,SI1,63,58,5.67,5.7,3.58
763,0.37,Ideal,D,VS2,61.1,54,4.63,4.66,2.84
13133,2.01,Premium,J,SI2,60.8,57.2,8.13,8.15,4.95
8902,1.21,Good,E,VS1,61.7,58,6.73,6.78,4.17
3299,1.01,Very Good,I,SI2,61.5,62,6.37,6.41,3.93
2010,0.7,Very Good,G,SI1,61.7,57,5.65,5.8,3.53
14127,1.79,Premium,G,SI1,60.5,58,7.88,7.83,4.75
10169,1.2,Premium,G,IF,59.4,61,6.95,6.92,4.12
4849,1.09,Very Good,H,SI1,61.7,59,6.53,6.59,4.05
792,0.43,Very Good,H,VS2,61.9,55,4.8,4.95,3.02
9384,1.5,Very Good,G,SI2,63.1,57,7.29,7.25,4.59
1257,0.4,Ideal,G,IF,61.1,56,4.76,4.79,2.92
450,0.25,Ideal,I,VS2,62,57,4.02,4.06,2.5
6279,1.29,Premium,I,VS2,62.2,57,7.01,6.97,4.35
874,0.37,Good,D,SI1,63.7,55,4.59,4.55,2.91
3024,0.75,Premium,D,SI1,59.2,58,5.96,5.93,3.52
1433,0.43,Very Good,E,VVS1,61.9,56,4.81,4.85,2.99
431,0.23,Very Good,G,VVS2,62.6,54,3.91,3.95,2.46
5544,1.32,Ideal,I,SI1,61.7,56,7.11,7.05,4.37
8910,1,Very Good,E,VVS2,63.5,55,6.36,6.31,4.02
10523,1.56,Very Good,I,VS1,58.2,59,7.65,7.7,4.47
8596,1.2,Ideal,G,VS1,62.3,56,6.82,6.77,4.23
2212,0.7,Very Good,G,VS1,62.9,59,5.56,5.63,3.52
4782,1.22,Good,H,SI2,61.5,64,6.93,6.87,4.25
716,0.32,Ideal,F,VS1,61.6,57,4.39,4.42,2.71
3931,0.9,Fair,F,VS2,64.7,54,6.09,6.03,3.92
17118,2.01,Very Good,E,SI2,60.6,59,8.11,8.25,4.96
10333,1.56,Ideal,I,VS2,61.8,56,7.41,7.45,4.59
2063,0.52,Ideal,G,VVS1,61.6,55,5.14,5.18,3.18
3368,0.9,Very Good,F,SI2,62.6,56,6.13,6.17,3.85
3494,0.54,Ideal,D,VVS1,61.2,57,5.25,5.27,3.22
787,0.28,Ideal,E,VVS2,60.8,55,4.26,4.29,2.6
984,0.35,Ideal,E,VS2,62,55,4.54,4.52,2.81
2539,0.96,Fair,G,SI2,66.8,61,6.15,6.04,4.07
758,0.32,Ideal,D,VS2,62.7,57,4.4,4.44,2.77
8436,1.2,Very Good,F,VS2,61.1,59,6.81,6.87,4.18
730,0.34,Ideal,D,VS2,60.8,57,4.52,4.56,2.76
8454,1.03,Ideal,G,VVS1,62.4,57,6.39,6.47,4.01
15152,1.51,Fair,D,VS2,66,57,7.17,7.08,4.7
868,0.3,Ideal,F,VVS1,62.1,55,4.31,4.32,2.68
1662,0.54,Very Good,D,SI1,62.1,58,5.21,5.23,3.24
514,0.28,Ideal,H,VVS2,61.2,55,4.18,4.22,2.57
552,0.3,Ideal,D,SI1,61.4,55,4.29,4.34,2.65
8572,1.57,Premium,G,SI2,61.1,61,7.46,7.43,4.55
3931,0.9,Ideal,G,SI1,61.6,57,6.24,6.17,3.82
4435,1,Good,E,SI1,63.1,64,6.31,6.25,3.96
6659,1.53,Fair,J,VS2,64.7,58,7.24,7.22,4.68
1053,0.51,Premium,G,SI1,62,59,5.12,5.1,3.17
720,0.32,Premium,G,VS2,62,59,4.41,4.37,2.72
863,0.41,Ideal,F,VS2,61.8,56,4.76,4.79,2.95
1436,0.5,Premium,F,VS2,60.9,58,5.1,5.14,3.12
7942,1.42,Ideal,J,VS2,61.7,56,7.22,7.27,4.47
3625,0.83,Premium,E,VS2,61.3,59,6.08,6.02,3.71
8797,1.01,Very Good,E,VVS2,63.4,57,6.45,6.33,4.05
7162,1.51,Premium,I,SI2,62.6,59,7.28,7.31,4.57
1308,0.51,Premium,F,SI1,59.4,60,5.19,5.21,3.09
12931,1.73,Premium,H,SI1,61.8,57,7.77,7.64,4.76
489,0.31,Good,I,VS1,63.9,56,4.28,4.3,2.74
435,0.31,Premium,I,VS2,62.3,60,4.31,4.32,2.69
8480,1.34,Premium,E,VS2,58.2,60,7.26,7.21,4.21
1655,0.57,Ideal,H,VS2,61.6,57,5.35,5.37,3.3
2671,0.7,Ideal,F,VS2,61.8,54,5.68,5.71,3.52
845,0.41,Very Good,I,VVS1,63.5,58,4.7,4.75,3
776,0.3,Ideal,G,VS1,62.8,57,4.29,4.25,2.68
2064,0.63,Premium,E,VS1,61.8,60,5.51,5.49,3.4
743,0.33,Premium,H,VS1,61.9,58,4.45,4.43,2.75
9677,1.44,Good,G,VS1,63.6,58,7.01,6.96,4.44
1994,0.59,Ideal,E,SI1,61.6,55,5.41,5.43,3.34
7792,1.01,Ideal,F,VS1,60.7,57,6.52,6.49,3.95
4588,1.01,Premium,G,SI1,62.5,60,6.34,6.39,3.98
2300,0.71,Premium,I,VS2,59.3,59,5.89,5.81,3.47
4192,1.1,Very Good,I,SI2,62.6,59,6.53,6.57,4.1
911,0.3,Premium,D,VS2,61.9,58,4.32,4.28,2.66
12081,1.22,Ideal,G,VVS1,61.5,56,6.86,6.9,4.23
723,0.33,Ideal,E,VS2,61.1,56,4.45,4.48,2.73
6230,0.9,Ideal,E,VS1,61.7,56,6.19,6.22,3.83
4203,1.2,Premium,D,SI2,60.2,60,6.94,6.81,4.14
2700,0.91,Good,I,SI1,64.2,59,6.05,5.98,3.86
9979,1.32,Premium,G,VS1,60.6,57,7.14,7.09,4.31
5217,1.23,Very Good,J,VS2,62.9,58,6.75,6.83,4.27
2642,0.72,Ideal,H,VS1,61.6,59,5.75,5.78,3.55
9343,1.51,Very Good,I,VS1,63,59,7.28,7.3,4.59
1712,0.56,Good,F,VS1,63.2,61,5.2,5.28,3.3
972,0.32,Premium,D,VS2,62,57,4.42,4.38,2.73
4116,0.92,Good,H,VS1,62.3,63,6.18,6.3,3.88
1662,0.51,Premium,G,VS1,62.1,58,5.12,5.09,3.17
1865,0.7,Fair,H,SI1,65.3,55,5.58,5.54,3.63
553,0.24,Premium,E,VVS1,60.7,58,4.01,4.03,2.44
2192,0.57,Ideal,E,VS1,61.8,55,5.34,5.39,3.32
6048,1,Premium,G,VS2,63,58,6.4,6.33,4.01
4067,0.91,Good,F,SI1,58,57,6.36,6.47,3.72
2906,0.74,Good,E,SI1,62.8,61,5.74,5.76,3.61
11102,1.51,Fair,E,SI1,58.4,70,7.55,7.39,4.36
2280,0.53,Very Good,E,VVS2,62.3,55,5.18,5.22,3.23
2028,0.7,Good,I,SI1,58.2,61,5.8,5.84,3.39
1081,0.44,Ideal,D,VS2,60.4,56,4.91,4.95,2.98
4678,0.9,Ideal,F,VS2,62.7,56,6.17,6.2,3.88
484,0.23,Very Good,G,VVS1,61.5,56,3.92,3.96,2.42
1683,0.58,Ideal,E,VS2,61.7,57,5.35,5.42,3.32
914,0.31,Ideal,F,IF,62.3,54,4.33,4.37,2.71
2494,0.71,Very Good,G,VS1,63.3,56,5.67,5.64,3.58
9290,1.52,Very Good,I,SI1,59.9,60,7.46,7.49,4.48
5229,1.01,Very Good,E,SI1,62.4,58,6.36,6.4,3.99
810,0.42,Ideal,D,SI1,61.9,56,4.82,4.84,2.99
1871,0.55,Ideal,F,VS2,62.1,55,5.27,5.25,3.26
5872,1.07,Ideal,D,SI1,61.8,55,6.59,6.54,4.06
2039,0.7,Very Good,F,SI2,59.6,61,5.8,5.88,3.48
2743,0.71,Premium,E,SI1,62.7,56,5.71,5.64,3.56
7915,1.51,Very Good,D,SI2,63.2,59,7.25,7.18,4.56
574,0.3,Premium,D,SI2,60.9,58,4.32,4.29,2.62
1574,0.51,Premium,D,SI1,62.7,59,5.08,5.06,3.18
543,0.23,Ideal,E,VS2,62.6,57,3.92,3.88,2.44
16392,2.03,Very Good,I,SI1,62.3,60,8.01,8.07,5.01
3689,0.9,Fair,D,SI1,64.5,61,6.05,6.01,3.89
1957,0.52,Ideal,G,VVS2,61.4,55.3,5.18,5.21,3.19
2386,0.81,Ideal,I,SI2,61.7,59,5.92,6,3.68
2365,0.71,Ideal,F,SI2,62.1,54,5.72,5.74,3.56
786,0.32,Ideal,G,VVS1,61.8,56,4.39,4.41,2.72
7751,1.04,Very Good,E,VS1,63,55,6.45,6.5,4.08
8517,1.5,Good,D,SI2,62.4,61,7.23,7.36,4.55
675,0.3,Premium,G,VS2,60.8,61,4.34,4.31,2.63
1015,0.41,Ideal,D,SI1,62.2,57,4.76,4.7,2.94
919,0.43,Premium,H,SI1,61.5,58,4.86,4.8,2.97
1278,0.4,Ideal,E,VVS1,60.8,57,4.79,4.82,2.92
6004,1.01,Good,E,VS2,65.4,56,6.18,6.23,4.06
1073,0.52,Good,H,SI1,63.6,62,5.11,5.04,3.23
2839,0.73,Ideal,G,VS2,61.8,54,5.8,5.82,3.59
2101,0.66,Good,G,VS2,58.1,59.9,5.68,5.72,3.31
594,0.33,Ideal,H,SI1,63,56,4.42,4.41,2.78
7850,1.33,Ideal,H,VS2,62.6,57,7.02,6.98,4.38
6909,1.02,Premium,D,VS2,59.8,61,6.61,6.54,3.93
1981,0.7,Fair,H,VS2,57,58,5.87,5.89,3.35
2054,0.73,Ideal,J,VS2,62.8,55,5.69,5.72,3.58
15306,1.02,Very Good,D,IF,62.7,57,6.36,6.46,4.02
2592,0.7,Premium,E,SI1,59.1,62,5.8,5.74,3.41
2777,0.7,Premium,E,SI1,60.5,58,5.77,5.74,3.48
3998,1.01,Very Good,J,SI1,62.8,57,6.37,6.41,4.01
9513,1.51,Very Good,I,VS1,63.1,53,7.34,7.25,4.6
4542,0.98,Very Good,G,SI2,62.2,57,6.33,6.37,3.95
564,0.26,Very Good,E,VVS2,61.7,61,4.08,4.12,2.53
6143,1.12,Ideal,I,SI1,60.3,57,6.74,6.79,4.08
4977,1.29,Very Good,F,SI2,63.4,57,6.92,6.77,4.35
3461,1.01,Premium,G,SI2,61.5,58,6.51,6.44,3.98
9397,1.21,Ideal,F,VS2,61.3,56,6.86,6.91,4.22
2290,0.7,Fair,G,VS1,65.2,57,5.56,5.52,3.61
4536,1.08,Ideal,H,SI2,60.4,57,6.68,6.63,4.02
5412,1.26,Ideal,D,SI2,61.6,56,6.99,6.95,4.3
8736,1.5,Ideal,G,SI2,62,57,7.31,7.26,4.52
5416,1.01,Premium,H,VS1,61.1,58,6.45,6.48,3.95
1424,0.58,Very Good,E,SI1,61.5,58,5.31,5.36,3.28
1814,0.72,Very Good,J,VS2,63.2,60,5.77,5.7,3.63
3489,0.77,Good,D,VS2,63.1,57,5.83,5.86,3.69
863,0.3,Very Good,D,VS1,62,55,4.31,4.35,2.68
3920,1,Premium,J,SI1,58.7,58,6.55,6.51,3.83
5692,1.21,Ideal,H,SI2,62.1,55,6.87,6.82,4.25
2631,0.75,Premium,G,SI1,60.9,58,5.87,5.83,3.56
852,0.33,Ideal,E,VVS1,62.6,58,4.36,4.4,2.74
1125,0.5,Premium,F,SI1,59.6,61,5.15,5.12,3.06
394,0.21,Premium,E,SI2,61.9,56,3.84,3.82,2.37
878,0.3,Very Good,G,VVS2,63.5,56,4.34,4.29,2.74
2382,0.71,Very Good,G,VS2,64.5,57,5.56,5.6,3.6
1262,0.48,Good,G,VS1,57.8,60.9,5.12,5.19,2.97
4284,1.02,Very Good,H,SI2,63.1,59,6.43,6.37,4.04
5002,1.16,Premium,I,SI1,61.5,57,6.79,6.73,4.16
2055,0.66,Good,G,VS1,59,62,5.66,5.72,3.35
4314,1.07,Very Good,E,SI1,60.4,63,6.67,6.6,4.01
9714,1.76,Ideal,I,SI2,61.2,55,7.79,7.76,4.76
1666,0.72,Very Good,J,SI1,62.7,56,5.66,5.72,3.57
2398,0.7,Ideal,I,VS1,62.1,57,5.69,5.71,3.54
13286,2.02,Good,I,SI1,64.3,56,7.85,7.99,5.09
1356,0.41,Ideal,F,VVS1,62.3,57,4.77,4.73,2.96
1156,0.58,Fair,D,SI2,65.1,58,5.25,5.22,3.41
5006,1.01,Premium,G,SI1,61.3,59,6.48,6.44,3.96
524,0.26,Good,F,VVS1,64,57,4.03,4.06,2.59
6307,1.03,Premium,F,VS2,62.4,58,6.47,6.42,4.02
921,0.42,Very Good,G,VS1,60.6,58,4.82,4.95,2.96
1292,0.59,Ideal,H,SI2,61.9,55,5.37,5.39,3.33
612,0.41,Very Good,F,SI2,62.6,54,4.75,4.77,2.98
8736,1.5,Good,J,VS1,63.3,57,7.2,7.24,4.57
5396,1,Premium,E,SI1,60.5,59,6.45,6.4,3.89
5247,1,Very Good,H,SI1,62.1,58,6.44,6.45,4
802,0.31,Ideal,F,VS2,62.3,55,4.38,4.35,2.72
3750,1.01,Premium,G,SI2,62.9,57,6.39,6.33,4
1134,0.55,Premium,E,SI2,58.4,61,5.37,5.31,3.12
2095,0.79,Very Good,I,SI1,63.3,57,5.86,5.83,3.7
4690,1.01,Very Good,D,SI2,60.1,60,6.41,6.47,3.87
2527,0.73,Premium,F,SI1,61.7,58,5.74,5.7,3.53
1100,0.51,Very Good,F,SI2,62.7,56,5.07,5.1,3.19
4788,1,Premium,H,SI1,62.1,56,6.48,6.38,3.99
850,0.44,Very Good,D,VS2,62.8,58,4.79,4.86,3.03
3620,0.73,Ideal,E,VS1,61.2,57,5.85,5.8,3.57
3942,1.12,Premium,E,I1,61,59,6.7,6.74,4.1
7015,1.04,Ideal,F,VS1,61.4,57,6.51,6.56,4.01
3774,1.04,Premium,I,SI2,62,57,6.53,6.47,4.03
10641,1.02,Very Good,E,VVS1,60.2,60,6.39,6.54,3.89
3869,1.01,Premium,H,SI1,62.8,58,6.43,6.34,4.01
2113,0.54,Very Good,D,VS2,60.7,57,5.24,5.29,3.2
11574,1.55,Ideal,I,VS2,61.8,55,7.4,7.44,4.58
5600,1,Good,G,VS2,63.4,61,6.23,6.29,3.97
9037,1.58,Very Good,G,SI2,60,53,7.59,7.64,4.57
4114,0.7,Ideal,F,VVS2,61.2,56,5.73,5.78,3.52
5759,1.35,Very Good,J,VS1,62.1,56,7.04,7.1,4.39
3838,0.71,Ideal,D,VS2,61,56,5.76,5.81,3.53
9901,1.04,Ideal,E,VVS2,61,57,6.61,6.57,4.02
879,0.31,Ideal,D,VS2,59.4,57,4.5,4.45,2.66
723,0.33,Ideal,E,VS2,60.8,57,4.45,4.47,2.71
4270,1.01,Very Good,E,SI2,63.3,57,6.39,6.31,4.02
8912,1.14,Very Good,F,VVS2,63.3,56,6.56,6.71,4.2
1881,0.55,Premium,E,VS2,61.5,56,5.28,5.25,3.24
1041,0.37,Premium,E,VS2,58.9,61,4.68,4.66,2.75
2106,0.6,Premium,D,SI1,62.8,61,5.41,5.33,3.37
9898,1.52,Good,H,SI1,63.8,60,7.24,7.3,4.64
805,0.31,Ideal,D,VVS2,61.2,59,4.37,4.39,2.68
10389,1.27,Premium,G,VVS2,61,58,7.01,6.96,4.26
10977,1.54,Premium,H,VS2,61,60,7.42,7.46,4.54
11379,1.52,Ideal,H,VS2,61.8,54,7.42,7.43,4.59
1173,0.57,Very Good,I,SI1,61.8,57,5.31,5.34,3.29
928,0.33,Ideal,E,VS2,62.1,56,4.46,4.43,2.76
3148,0.77,Ideal,G,VS1,62.2,56,5.9,5.85,3.66
18729,1.51,Ideal,E,VS1,61.5,57,7.34,7.4,4.53
4591,1.06,Ideal,I,SI2,62.7,58,6.48,6.5,4.07
5174,1.01,Very Good,F,SI1,61,57,6.44,6.54,3.96
612,0.3,Very Good,E,VS2,60.7,63,4.32,4.35,2.63
6002,2.03,Fair,H,I1,64.4,59,7.91,7.85,5.07
2998,0.85,Fair,G,VS1,57.7,67,6.26,6.19,3.59
648,0.32,Premium,H,VS2,62.5,59,4.38,4.33,2.72
851,0.5,Fair,E,SI2,58,67,5.26,5.17,3.02
1608,0.56,Ideal,E,VS1,62.7,56,5.26,5.3,3.31
3293,0.8,Ideal,F,SI1,60.1,60,5.98,6.03,3.61
566,0.34,Premium,F,SI1,59.8,58,4.53,4.57,2.72
1061,0.41,Premium,G,VS2,60.9,58,4.83,4.8,2.93
1625,0.52,Ideal,F,VS2,61.2,56,5.19,5.37,3.2
507,0.31,Ideal,I,VS1,62.4,53,4.33,4.36,2.71
767,0.31,Ideal,E,VVS2,61.9,54,4.38,4.41,2.72
10288,1.07,Ideal,E,VVS2,61.7,57,6.61,6.55,4.06
4129,1.01,Ideal,G,SI1,61.5,56,6.52,6.46,3.99
7764,1.52,Premium,H,SI2,62,58,7.37,7.34,4.56
477,0.32,Good,D,SI2,63.4,56,4.36,4.38,2.77
4321,0.9,Premium,H,VS2,60.4,59,6.24,6.27,3.78
619,0.32,Very Good,D,SI1,60.1,60,4.38,4.4,2.64
992,0.42,Ideal,F,SI1,60.9,55,4.88,4.84,2.96
5460,1.5,Fair,D,I1,64.7,62,7.19,7.04,4.6
473,0.3,Very Good,H,VS2,63,59,4.25,4.29,2.69
2012,0.52,Ideal,G,VVS2,61.7,56,5.16,5.14,3.18
4637,1.21,Fair,G,SI1,64.5,56,6.69,6.62,4.29
828,0.32,Premium,G,VS1,62.1,56,4.43,4.4,2.74
790,0.34,Ideal,E,VS1,61.6,55,4.5,4.52,2.78
1608,0.57,Very Good,G,VS2,62.6,55,5.26,5.31,3.31
584,0.5,Fair,F,I1,69.8,55,4.89,4.8,3.38
606,0.35,Ideal,I,SI1,61.3,54,4.56,4.51,2.78
3774,0.9,Premium,G,SI1,62.9,58,6.11,6.02,3.82
1806,0.5,Good,G,VVS2,63.8,56,5.06,5.03,3.22
7385,1.57,Ideal,I,SI2,62.8,57,7.39,7.36,4.63
919,0.35,Premium,E,VS2,61.9,61,4.54,4.5,2.8
2317,0.71,Premium,F,SI1,61.1,62,5.76,5.72,3.51
427,0.28,Very Good,G,VS2,62,56,4.16,4.19,2.59
746,0.39,Premium,G,SI2,62.7,54,4.71,4.64,2.93
1406,0.37,Ideal,F,VVS1,59.2,57,4.75,4.71,2.8
5247,1.2,Very Good,F,SI2,62.2,62,6.7,6.77,4.19
2574,0.74,Very Good,E,SI2,61,57,5.83,5.88,3.57
645,0.32,Ideal,G,VS1,61.2,56,4.42,4.44,2.71
576,0.32,Premium,I,VS2,61.1,57,4.42,4.39,2.69
942,0.31,Ideal,E,VVS1,60.5,57,4.38,4.41,2.66
4542,1.27,Good,J,SI2,66,59,6.71,6.75,4.44
4082,0.9,Premium,H,VS2,61.8,56,6.25,6.18,3.84
790,0.39,Very Good,G,VS1,60.3,59,4.71,4.77,2.86
4666,1.24,Premium,E,SI2,60.5,62,6.97,6.89,4.19
841,0.41,Ideal,D,SI2,62.6,57,4.77,4.72,2.97
7426,1.21,Very Good,H,VS2,62.9,55,6.75,6.8,4.26
435,0.31,Premium,E,SI2,60.9,60,4.35,4.38,2.66
605,0.32,Ideal,I,VS1,62.1,57,4.42,4.37,2.73
2475,0.7,Ideal,E,SI2,62.1,56,5.68,5.65,3.52
3590,1.08,Very Good,F,SI2,63.1,59,6.51,6.46,4.09
4208,1.01,Very Good,H,VS2,63.1,62,6.18,6.15,3.89
891,0.31,Ideal,G,IF,62.6,53,4.36,4.39,2.74
4571,1.06,Premium,G,SI2,61.9,60,6.53,6.52,4.04
675,0.3,Premium,H,VS1,62.2,60,4.29,4.23,2.65
729,0.36,Premium,I,VS1,60.3,60,4.64,4.58,2.78
595,0.25,Ideal,F,VS1,62.1,57,4.01,4.04,2.5
4916,1,Good,E,SI1,60.4,61,6.37,6.44,3.87
13619,2.01,Premium,J,VS2,60.4,59,8.1,8.15,4.91
505,0.23,Very Good,E,VVS2,61.3,57,3.97,4.02,2.45
9555,1.53,Premium,J,VVS1,61.6,59,7.39,7.35,4.54
2497,0.75,Good,E,SI2,59.7,62,5.85,5.88,3.5
1040,0.44,Premium,H,VS2,61.3,58,4.91,4.88,3
891,0.33,Ideal,I,IF,61.8,55,4.47,4.46,2.76
449,0.32,Ideal,E,SI2,62.7,55,4.39,4.42,2.76
473,0.3,Ideal,H,VS2,60.7,57,4.33,4.37,2.64
4504,1,Good,F,SI1,62.5,57,6.28,6.39,3.96
923,0.41,Ideal,G,SI1,62.6,54,4.78,4.74,2.98
421,0.3,Very Good,H,SI1,61.6,62,4.24,4.3,2.63
6808,1.05,Very Good,F,VS2,62.8,57,6.45,6.48,4.06
1659,0.53,Ideal,G,VS1,62.4,54,5.18,5.21,3.24
694,0.4,Very Good,E,SI1,62.2,56,4.71,4.74,2.94
2335,0.7,Good,H,SI1,63.7,59,5.59,5.53,3.54
4429,1.05,Very Good,G,SI1,59.1,57,6.63,6.73,3.95
1912,0.74,Good,J,VS2,60.6,62.6,5.79,5.85,3.53
16003,2.01,Good,I,VS2,63.6,57,7.87,7.95,5.03
3372,0.76,Ideal,G,VS1,61.6,56,5.82,5.87,3.6
3831,0.8,Very Good,E,VS1,63.2,54,5.88,5.93,3.73
666,0.33,Very Good,F,VS2,61.2,58,4.45,4.5,2.74
3212,0.76,Ideal,G,SI1,61.2,57,5.85,5.9,3.59
886,0.3,Ideal,F,IF,62.1,55,4.31,4.35,2.69
534,0.32,Ideal,H,VS2,61.7,56,4.39,4.42,2.72
4704,1.5,Fair,I,I1,69.7,56,6.94,6.9,4.82
15797,1.7,Premium,G,VS2,59,58,7.8,7.85,4.62
4718,1.02,Premium,G,SI1,61,59,6.48,6.44,3.94
855,0.39,Premium,G,VS1,62.6,58,4.66,4.7,2.93
631,0.3,Very Good,G,VVS2,60.3,57,4.35,4.36,2.63
7802,1.72,Ideal,E,I1,62.2,55,7.7,7.67,4.78
1318,0.43,Ideal,G,IF,61.9,53,4.87,4.88,3.02
7191,1.2,Very Good,D,SI1,60.7,58,6.81,6.86,4.15
1402,0.58,Very Good,H,SI1,62.5,58,5.29,5.31,3.31
12092,1.53,Premium,H,VVS2,60.4,60,7.46,7.41,4.49
5364,1.03,Premium,H,VS2,62.6,56,6.43,6.38,4.01
666,0.38,Ideal,G,SI1,62.4,57,4.62,4.65,2.89
8216,1.4,Fair,F,VS2,66.5,56,6.83,6.76,4.52
367,0.2,Premium,E,VS2,59.7,62,3.84,3.8,2.28
2310,0.7,Very Good,E,SI2,63.5,54,5.69,5.64,3.6
11780,2.01,Very Good,H,SI2,63.4,60,7.97,7.89,5.03
1049,0.4,Very Good,F,VVS2,62,56,4.71,4.74,2.93
891,0.31,Ideal,G,IF,61.3,57,4.39,4.42,2.7
13333,1.5,Premium,F,VS2,62.4,57,7.38,7.29,4.58
11372,1.28,Ideal,G,IF,60.8,57,7.02,7.05,4.28
6715,1.26,Ideal,H,SI1,61,56,7,7.04,4.28
2313,0.54,Premium,E,VVS2,61,59,5.28,5.27,3.22
470,0.27,Very Good,E,VS2,63.1,57,4.07,4.11,2.58
3530,1.03,Fair,I,SI2,65.2,56,6.42,6.35,4.16
14386,1.5,Premium,E,VS2,60.7,60,7.41,7.32,4.47
3638,0.91,Very Good,E,SI2,60.3,59,6.28,6.25,3.78
978,0.45,Ideal,J,VVS1,61.9,56,4.93,4.95,3.06
3476,0.74,Very Good,D,VS2,59.8,58,5.9,5.94,3.54
9344,1.51,Premium,I,SI1,61.7,60,7.31,7.27,4.5
3446,0.81,Ideal,H,SI1,61.4,56,6,6.05,3.7
5906,1,Good,G,VS1,64.4,58,6.23,6.29,4.03
470,0.27,Very Good,F,VS2,63.3,58,4.08,4.1,2.59
2125,0.59,Ideal,G,VVS2,62.7,56,5.33,5.36,3.35
1052,0.33,Ideal,G,IF,61.6,55,4.51,4.48,2.77
5562,1.2,Ideal,G,SI2,58.9,60,6.98,6.94,4.1
3422,0.9,Good,E,SI2,61.9,62,6.14,6.18,3.81
2112,0.71,Fair,H,SI1,65.1,56,5.63,5.55,3.64
2128,0.54,Very Good,G,IF,62.5,58,5.19,5.27,3.27
7525,1.25,Very Good,H,VS2,63.3,57,6.87,6.82,4.33
9788,1.24,Ideal,G,VVS2,61.2,56,6.92,6.88,4.22
432,0.32,Ideal,I,SI1,60.7,57,4.42,4.47,2.7
2406,0.7,Premium,H,VVS1,60.9,60,5.76,5.71,3.49
4759,1.03,Ideal,H,SI1,61,55,6.56,6.59,4.01
4586,1,Very Good,F,SI1,58.1,63,6.45,6.36,3.72
12989,1.16,Ideal,D,VVS2,62,55,6.68,6.72,4.19
2726,0.51,Ideal,F,VVS1,61.4,56,5.15,5.17,3.17
2893,0.71,Very Good,F,VS1,62.6,55,5.66,5.71,3.56
580,0.32,Ideal,H,VS1,61,56,4.43,4.45,2.71
992,0.42,Premium,E,SI1,62.7,57,4.83,4.77,3.01
687,0.4,Good,F,SI1,63.6,56,4.63,4.68,2.96
992,0.42,Premium,F,SI1,60.8,58,4.87,4.83,2.95
7370,1.52,Good,J,VS2,63.5,58,7.24,7.28,4.61
4853,1.09,Very Good,F,SI2,63.2,58,6.54,6.49,4.12
12681,1.68,Premium,F,SI1,60.7,62,7.72,7.66,4.67
574,0.34,Ideal,F,SI2,60.1,56,4.55,4.54,2.73
