count,season,year,workingday,weather,temp,humidity,windspeed
985,Winter,one,0,Rain,6.715022,0.805833,17.30021509788
801,Winter,one,0,Rain,7.989548,0.696087,26.79891153542
1349,Winter,one,1,Dry,-3.039976,0.437273,26.77411160602
1562,Winter,one,1,Dry,-2.8,0.590435,17.28404123088
1600,Winter,one,1,Dry,-1.020838,0.436957,20.152638282
1606,Winter,one,1,Dry,-2.513032,0.518261,9.657437550856
1510,Winter,one,1,Rain,-3.029548,0.498696,18.19301255628
959,Winter,one,0,Rain,-5.11,0.535833,28.76834940712
822,Winter,one,0,Dry,-6.870022,0.434167,39.027541071
1321,Winter,one,1,Dry,-6.045022,0.482917,24.07393842326
1263,Winter,one,1,Rain,-4.839994,0.686364,13.16897816296
1162,Winter,one,1,Dry,-4.600018,0.599545,32.84664388406
1406,Winter,one,1,Dry,-5.11,0.470417,32.45555978
1421,Winter,one,1,Dry,-5.38258,0.537826,13.64513680744
1248,Winter,one,0,Rain,-0.600021999999999,0.49875,17.03248368614
1204,Winter,one,0,Dry,-0.709978,0.48375,20.31793520274
1000,Winter,one,0,Rain,-4.395022,0.5375,20.92003435826
683,Winter,one,1,Rain,-1.699978,0.861667,15.8261288595
1650,Winter,one,1,Rain,3.283484,0.741739,22.46194301226
1927,Winter,one,1,Rain,1.270022,0.538333,21.12350160512
1543,Winter,one,1,Dry,-4.285,0.457083,38.08859417876
981,Winter,one,0,Dry,-12.0973936,0.4,18.5427993866
986,Winter,one,0,Dry,-9.6295678,0.436522,26.589837348
1416,Winter,one,1,Dry,-9.5721742,0.491739,17.0720557474
1985,Winter,one,1,Rain,-1.250452,0.616957,13.99535494088
506,Winter,one,1,Snow,-1.645,0.8625,31.684605453
431,Winter,one,1,Dry,-3.13,0.6875,12.27456331786
1167,Winter,one,1,Rain,-2.570452,0.793043,13.294918674
1098,Winter,one,0,Dry,-3.029548,0.651739,15.6740945097
1096,Winter,one,0,Dry,-1.709548,0.722174,7.977231551428
1501,Winter,one,1,Rain,-4.065022,0.60375,20.18412340976
1360,Winter,one,1,Rain,-3.316516,0.829565,5.73773323114
1526,Winter,one,1,Rain,1.16,0.775417,28.49921626024
1550,Winter,one,1,Dry,-3.660838,0.437826,29.94882604656
1708,Winter,one,1,Rain,-2.053936,0.585217,13.78433988942
1005,Winter,one,0,Rain,-0.600021999999999,0.929167,17.36846881662
1623,Winter,one,0,Dry,2.864978,0.568333,15.289695604
1712,Winter,one,1,Dry,1.930022,0.738333,4.896185365974
1530,Winter,one,1,Dry,-1.425022,0.537917,39.027541071
1605,Winter,one,1,Rain,-7.104322,0.494783,20.36171246942
1538,Winter,one,1,Dry,-6.473032,0.437391,23.9303144843
1746,Winter,one,1,Dry,-3.519994,0.506364,11.704488419
1472,Winter,one,0,Dry,-1.315,0.544167,21.92820540126
1589,Winter,one,0,Dry,4.890452,0.457391,28.12991296374
1913,Winter,one,1,Dry,11.39,0.375833,45.06125606824
1815,Winter,one,1,Dry,1.561742,0.314348,31.41762882172
2115,Winter,one,1,Dry,5.005226,0.423478,27.14956097198
2475,Winter,one,1,Dry,12.764978,0.505,24.81114328112
2927,Winter,one,1,Dry,18.430022,0.516667,28.5657447665
1635,Winter,one,0,Dry,10.345022,0.187917,54.71759379614
1812,Winter,one,0,Dry,2.824322,0.407826,24.0704879983
1107,Winter,one,0,Rain,4.019978,0.605,33.19373506988
1450,Winter,one,1,Dry,-3.973348,0.577778,21.09967210774
1917,Winter,one,1,Dry,-1.365226,0.423043,10.14780763314
1807,Winter,one,1,Rain,3.513032,0.697391,27.00992658688
1461,Winter,one,1,Rain,8.046968,0.712174,37.36583797542
1969,Winter,one,0,Dry,2.645,0.537917,20.11716360038
2402,Winter,one,0,Dry,6.669548,0.68,13.50496329344
1446,Winter,one,1,Rain,10.880018,0.876364,31.23561890508
1851,Winter,one,1,Dry,1.600022,0.535,23.3361944365
2134,Winter,one,1,Dry,6.11,0.449583,33.19233333474
1685,Winter,one,1,Dry,-2.910022,0.318333,24.34210113812
1944,Winter,one,1,Rain,1.270022,0.610417,21.92594105988
2077,Winter,one,0,Rain,9.355022,0.789167,27.15818703438
605,Winter,one,0,Rain,8.850452,0.948261,37.01518853886
1872,Winter,one,1,Dry,1.274774,0.551304,36.80654565456
2133,Winter,one,1,Dry,3.305,0.420833,13.009180357
1891,Winter,one,1,Rain,3.524978,0.775417,23.737845467
623,Winter,one,1,Snow,9.680006,0,28.23709178906
1977,Winter,one,1,Rain,4.890452,0.649565,25.1201719666
2132,Winter,one,0,Dry,5.725022,0.594583,23.8052365795
2417,Winter,one,0,Dry,9.366968,0.527391,29.17808737112
2046,Winter,one,1,Dry,5.464322,0.496957,14.76415275228
2056,Winter,one,1,Rain,4.947806,0.655652,19.87326168602
2192,Winter,one,1,Rain,8.104322,0.776522,21.90124895626
2744,Winter,one,1,Dry,11.39,0.602917,22.59801914662
3239,Winter,one,1,Dry,19.64,0.525217,24.90958821826
3117,Winter,one,0,Dry,15.185,0.379167,39.69789394526
2471,Winter,one,0,Dry,5.945,0.47375,22.39767884738
2077,Spring,one,1,Rain,12.40871,0.737391,31.13825222574
2703,Spring,one,1,Dry,13.150022,0.624583,24.341669835
2121,Spring,one,1,Rain,6.899162,0.839565,25.25937504858
1865,Spring,one,1,Rain,2.81,0.805833,26.28652342886
2210,Spring,one,1,Dry,1.435022,0.495,24.8781030905
2496,Spring,one,0,Dry,1.544978,0.394167,22.59715654038
1693,Spring,one,0,Rain,0.700838000000001,0.493913,19.872291254
2028,Spring,one,1,Dry,1.446968,0.302174,22.88106181912
2425,Spring,one,1,Dry,3.965,0.314167,24.47602075688
1536,Spring,one,1,Rain,3.8,0.646667,18.64178345264
1685,Spring,one,1,Snow,1.709978,0.918333,23.46784971388
2227,Spring,one,1,Rain,3.8,0.68625,27.89539189224
2252,Spring,one,0,Rain,4.79,0.65375,21.25742122388
3249,Spring,one,0,Dry,8.969978,0.48,19.64725885114
3115,Spring,one,1,Dry,21.839978,0.42625,41.57449382038
1795,Spring,one,1,Rain,11.335022,0.642083,41.84362696726
2808,Spring,one,1,Dry,9.794978,0.470833,28.36497316414
3141,Spring,one,1,Dry,12.875,0.602917,17.50141800336
1471,Spring,one,1,Rain,6.164978,0.83625,24.47558945376
2455,Spring,one,0,Rain,6.605,0.8775,14.34977827974
2895,Spring,one,0,Rain,12.160022,0.8575,15.82526625326
3348,Spring,one,1,Rain,23.313032,0.716956,34.98666213972
2034,Spring,one,1,Rain,17.165,0.739167,29.63904258062
2162,Spring,one,1,Rain,11.225,0.819167,27.02297350626
3267,Spring,one,1,Dry,14.855,0.540417,11.936313846
3126,Spring,one,0,Dry,13.480022,0.67125,24.4090609475
795,Spring,one,0,Snow,12.434978,0.888333,36.74788843024
3744,Spring,one,0,Dry,14.140022,0.479583,32.72469292688
3429,Spring,one,1,Dry,17.825,0.5425,17.63673935726
3204,Spring,one,1,Rain,17.384978,0.665833,17.03334629238
3944,Spring,one,1,Dry,23.27,0.614167,26.0857518265
4189,Spring,one,1,Dry,14.305022,0.407083,35.07119755124
1683,Spring,one,1,Rain,6.220022,0.729583,23.67002305138
4036,Spring,one,0,Rain,14.36,0.887917,24.8781030905
4191,Spring,one,0,Rain,22.390022,0.810833,20.7214192715
4073,Spring,one,1,Dry,24.040022,0.776667,19.98367528474
4400,Spring,one,1,Dry,25.690022,0.729167,35.20511717
3872,Spring,one,1,Rain,24.92,0.835417,33.663208516
4058,Spring,one,1,Rain,24.755,0.700833,34.60215540824
4595,Spring,one,1,Dry,17.66,0.457083,25.88498022414
5312,Spring,one,0,Dry,15.185,0.503333,25.3471452335
3351,Spring,one,0,Rain,13.810022,0.762083,11.46770300612
4401,Spring,one,1,Rain,20.245022,0.73,19.78107064412
4451,Spring,one,1,Rain,24.700022,0.697083,36.94833655526
2633,Spring,one,1,Rain,11.335022,0.737083,35.47425031688
4433,Spring,one,1,Dry,14.305022,0.444167,31.85087280576
4608,Spring,one,1,Dry,15.625022,0.59,24.61080298188
4714,Spring,one,0,Dry,18.32,0.54125,17.300646401
4333,Spring,one,0,Dry,18.869978,0.631667,8.04784665475
4362,Spring,one,1,Dry,19.145,0.58875,18.97733728
4803,Spring,one,1,Dry,19.145,0.489167,12.47231579838
4182,Spring,one,1,Dry,19.805,0.632917,13.00831775076
4864,Spring,one,1,Dry,19.31,0.7475,20.45099221526
4105,Spring,one,1,Rain,17.825,0.863333,19.3789883105
3409,Spring,one,0,Rain,18.374978,0.9225,14.551089011
4553,Spring,one,0,Rain,21.125,0.867083,16.49507999862
3958,Spring,one,1,Dry,22.115,0.787917,13.67996453438
4123,Spring,one,1,Rain,21.070022,0.837917,29.90591138612
3855,Spring,one,1,Rain,20.3,0.87,21.72603206376
4575,Spring,one,1,Rain,19.034978,0.829583,11.66815113114
4917,Spring,one,1,Dry,19.420022,0.719583,13.47962423514
5805,Spring,one,0,Dry,23.765,0.626667,13.009180357
4660,Spring,one,0,Dry,23.875022,0.749583,15.95907804624
4274,Spring,one,1,Rain,25.690022,0.81,25.21419604676
4492,Spring,one,1,Rain,27.56,0.740833,22.32985643176
4978,Spring,one,1,Dry,27.614978,0.69625,16.63029352674
4677,Spring,one,1,Dry,30.749978,0.6775,21.52655437076
4679,Spring,one,1,Dry,28.990022,0.65375,25.95140090462
4758,Spring,one,0,Dry,27.284978,0.729583,24.80984937176
4788,Spring,one,0,Dry,28.055,0.81875,23.06803172164
4098,Spring,one,0,Dry,32.399978,0.685,14.1494379805
3982,Spring,one,1,Dry,35.15,0.636667,12.00413626162
3974,Spring,one,1,Rain,34.435022,0.677083,22.32985643176
4968,Spring,one,1,Dry,31.19,0.305,31.51607375886
5312,Spring,one,1,Dry,24.92,0.354167,27.29296925938
5342,Spring,one,0,Dry,25.91,0.45625,13.27788220076
4906,Spring,one,0,Rain,26.789978,0.6525,14.95457307976
4548,Spring,one,1,Dry,28.769978,0.6,13.14353127888
4833,Spring,one,1,Dry,30.695,0.597917,20.25054409024
4401,Spring,one,1,Dry,35.204978,0.622083,14.75239974226
3915,Spring,one,1,Rain,37.349978,0.568333,16.16125138374
4586,Spring,one,1,Dry,33.83,0.605,15.15534468212
4966,Spring,one,0,Dry,31.85,0.654583,16.696822033
4460,Spring,one,0,Dry,29.705,0.747917,17.63673935726
5020,Spring,one,1,Dry,25.91,0.494583,32.924601923
4891,Spring,one,1,Dry,23.875022,0.507083,29.03564951574
5180,Spring,one,1,Dry,25.360022,0.471667,18.10524237136
3767,Spring,one,1,Rain,25.469978,0.688333,22.26289662238
4844,Spring,one,1,Dry,26.845022,0.735833,15.42221348762
5119,Spring,one,0,Dry,29.980022,0.670417,12.87526073824
4744,Spring,one,0,Rain,30.145022,0.666667,10.99822956
4010,Spring,one,1,Rain,25.91,0.74625,16.7642131455
4835,Summer,one,1,Rain,28.934978,0.770417,18.4409040245
4507,Summer,one,1,Dry,32.399978,0.7075,18.57428451436
4790,Summer,one,1,Rain,32.069978,0.703333,25.74922756712
4991,Summer,one,1,Dry,31.795022,0.573333,23.9400188045
5202,Summer,one,0,Dry,29.87,0.483333,22.59715654038
5305,Summer,one,0,Dry,28.88,0.513333,10.193126808474
4708,Summer,one,1,Rain,29.045,0.658333,11.60076001864
4648,Summer,one,1,Dry,33.115022,0.634167,15.55742701574
5225,Summer,one,1,Dry,32.069978,0.497917,28.23105354538
5515,Summer,one,1,Dry,29.980022,0.434167,19.98141094336
5362,Summer,one,1,Dry,31.685,0.39625,11.06378763424
5119,Summer,one,0,Dry,32.729978,0.444583,12.40664989836
4649,Summer,one,0,Rain,31.300022,0.6825,24.67679235924
6043,Summer,one,0,Rain,31.960022,0.637917,8.785558293776
4665,Summer,one,1,Dry,33.280022,0.590417,13.61386733124
4629,Summer,one,1,Dry,31.52,0.743333,16.16125138374
4592,Summer,one,1,Dry,33.5,0.65125,17.165864176
4040,Summer,one,1,Rain,30.805022,0.757917,24.27471002562
5336,Summer,one,0,Dry,32.399978,0.609167,18.10524237136
4881,Summer,one,0,Dry,33.335,0.578333,19.78290368238
4086,Summer,one,1,Dry,34.325,0.635833,30.44320724786
4258,Summer,one,1,Dry,36.415022,0.559167,21.59254374812
4342,Summer,one,1,Dry,33.280022,0.631667,15.75690470874
5084,Summer,one,1,Dry,28.934978,0.47625,25.95010699526
5538,Summer,one,1,Dry,27.779978,0.59125,19.71411083474
5923,Summer,one,0,Dry,29.320022,0.585,22.46463865676
5302,Summer,one,0,Dry,31.465022,0.604167,26.42087435074
4458,Summer,one,1,Dry,33.280022,0.65125,23.26923462712
4541,Summer,one,1,Dry,35.260022,0.650417,14.082046868
4332,Summer,one,1,Dry,34.709978,0.707083,12.27240680226
3784,Summer,one,1,Rain,37.79,0.69125,23.93958750138
3387,Summer,one,1,Dry,39.989978,0.580417,14.351611318
3285,Summer,one,0,Dry,40.045022,0.5,14.14900667738
3606,Summer,one,0,Dry,38.78,0.550833,18.24099502838
3840,Summer,one,1,Dry,33.059978,0.757083,9.791475777974
4590,Summer,one,1,Dry,34.930022,0.540833,21.59297505124
4656,Summer,one,1,Dry,35.15,0.402917,19.78204107614
4390,Summer,one,1,Dry,35.425022,0.583333,19.24463738862
3846,Summer,one,1,Dry,39.329978,0.5425,18.77656567764
4475,Summer,one,0,Dry,37.075022,0.465833,18.17263348386
4302,Summer,one,0,Dry,37.184978,0.480833,17.77109027914
4266,Summer,one,1,Dry,34.930022,0.550833,16.89813276426
4845,Summer,one,1,Dry,35.699978,0.49125,22.195936813
3574,Summer,one,1,Rain,32.290022,0.6575,14.61934272974
4576,Summer,one,1,Rain,30.86,0.7575,21.257852527
4866,Summer,one,1,Dry,30.914978,0.630833,19.91499026288
4294,Summer,one,0,Rain,31.300022,0.755,24.611234285
3785,Summer,one,0,Dry,33.005,0.752917,21.72549293486
4326,Summer,one,1,Dry,34.49,0.592083,20.7214192715
4602,Summer,one,1,Dry,35.15,0.570417,16.29473969938
4780,Summer,one,1,Dry,34.600022,0.424167,21.59297505124
4792,Summer,one,1,Dry,31.355,0.42375,17.76925724088
4905,Summer,one,1,Dry,30.749978,0.415,13.54518230938
4150,Summer,one,0,Rain,29.264978,0.729583,22.80019248412
3820,Summer,one,0,Rain,28.660022,0.8175,24.00557687874
4338,Summer,one,1,Dry,27.944978,0.712083,22.53062803412
4725,Summer,one,1,Dry,30.254978,0.578333,25.48235876162
4694,Summer,one,1,Dry,31.739978,0.575417,15.49100633526
3805,Summer,one,1,Dry,30.970022,0.654583,25.14583450224
4153,Summer,one,1,Rain,29.21,0.722917,15.02099376024
5191,Summer,one,0,Dry,30.035,0.674167,11.26423575926
3873,Summer,one,0,Dry,30.914978,0.77,26.82209407812
4758,Summer,one,1,Dry,29.650022,0.47,29.840784615
5895,Summer,one,1,Dry,26.294978,0.455417,15.82483495014
5130,Summer,one,1,Dry,28.439978,0.605,27.29156752424
3542,Summer,one,1,Rain,29.155022,0.771667,22.73323267474
4661,Summer,one,1,Dry,30.2,0.76125,9.05332205325
1115,Summer,one,0,Rain,28.88,0.85,40.50119600626
4334,Summer,one,0,Dry,30.665894,0.561765,32.85009430902
4634,Summer,one,1,Dry,26.020022,0.554583,17.2332552885
5204,Summer,one,1,Dry,26.185022,0.548333,13.47908510624
5058,Summer,one,1,Dry,27.340022,0.597917,8.985478072474
5115,Summer,one,1,Dry,27.23,0.639167,15.28926430088
4727,Summer,one,1,Rain,26.459978,0.727083,15.08795356962
4484,Summer,one,0,Dry,28.165022,0.716667,19.9828126785
4940,Summer,one,0,Dry,30.805022,0.742083,22.26246531926
3351,Summer,one,0,Rain,28.439978,0.790417,22.93411210288
2710,Summer,one,1,Snow,19.64,0.886957,37.08592225054
1996,Summer,one,1,Snow,23.545022,0.917083,10.461343436224
1842,Summer,one,1,Snow,25.838258,0.939565,20.78320344344
3544,Summer,one,1,Rain,26.9,0.897917,13.41126269062
5345,Summer,one,0,Dry,27.56,0.75375,16.56290241424
5046,Summer,one,0,Dry,27.119978,0.71375,12.40578729212
4713,Summer,one,1,Dry,26.526968,0.692174,9.58711357714
4763,Summer,one,1,Dry,26.954978,0.7125,15.29012690712
4785,Summer,one,1,Dry,28.439978,0.697083,18.039252994
3659,Summer,one,1,Rain,22.115,0.709167,29.23652894388
4760,Summer,one,1,Rain,14.965022,0.590417,17.70316003774
4511,Summer,one,0,Rain,16.450022,0.718333,20.4518548215
4274,Summer,one,0,Dry,17.495,0.695,19.24506869174
4539,Summer,one,1,Rain,20.245022,0.69,16.36169950876
3641,Summer,one,1,Rain,21.070022,0.88125,14.55152031412
4352,Summer,one,1,Rain,23.27,0.9,10.394858060276
4795,Summer,one,1,Rain,25.469978,0.902083,13.8151780625
2395,Fall,one,1,Rain,24.205022,0.9725,8.449950553526
5423,Fall,one,0,Rain,24.040022,0.8625,8.451740461474
5010,Fall,one,0,Rain,25.855022,0.845,5.432176535776
4630,Fall,one,1,Rain,26.845022,0.848333,11.936313846
4120,Fall,one,1,Rain,26.020022,0.885417,12.74188024838
3907,Fall,one,1,Rain,25.91,0.84875,16.02603785562
4839,Fall,one,1,Dry,24.700022,0.699167,18.64124432374
5202,Fall,one,1,Dry,21.235022,0.6475,22.2633279255
2429,Fall,one,0,Rain,11.06,0.75375,31.51704419088
2918,Fall,one,0,Rain,7.540022,0.791667,23.93872489514
3570,Fall,one,1,Rain,9.355022,0.760833,8.986825894724
4456,Fall,one,1,Dry,15.955022,0.71,22.19636811612
4826,Fall,one,1,Dry,19.529978,0.647917,19.112119505
4765,Fall,one,1,Dry,16.615022,0.620833,14.55152031412
4985,Fall,one,1,Dry,17.714978,0.684167,2.414402518026
5409,Fall,one,0,Dry,18.430022,0.70125,4.895743280276
5511,Fall,one,0,Dry,19.694978,0.7275,6.841545741
5117,Fall,one,0,Dry,21.674978,0.73375,4.561483362276
4563,Fall,one,1,Rain,21.400022,0.80875,15.42361522276
2416,Fall,one,1,Snow,19.859978,0.90625,26.756967307
2913,Fall,one,1,Rain,22.885022,0.896667,15.28829386886
3644,Fall,one,1,Rain,20.354978,0.71625,24.14035910374
5217,Fall,one,0,Dry,17.440022,0.483333,27.82800077974
5041,Fall,one,0,Dry,17.770022,0.486667,30.37635526426
4570,Fall,one,1,Dry,19.255022,0.579583,18.91037747062
4748,Fall,one,1,Rain,19.145,0.701667,11.870216642860001
2424,Fall,one,1,Snow,19.754774,0.895217,26.23821747942
4195,Fall,one,1,Dry,15.404978,0.63625,45.5321312495
4304,Fall,one,1,Dry,12.215,0.574167,23.87219638888
4308,Fall,one,0,Dry,11.885,0.629167,9.991859207526
4381,Fall,one,0,Dry,11.830022,0.74125,10.73001293225
4187,Fall,one,1,Dry,14.579978,0.772083,12.80884005776
4687,Fall,one,1,Dry,15.130022,0.622917,17.97002884324
3894,Fall,one,1,Rain,15.955022,0.720417,16.02743959076
2659,Fall,one,1,Rain,15.02,0.812917,21.32394973014
3747,Fall,one,1,Rain,5.8349780000000004,0.585833,24.74375216862
627,Fall,one,0,Snow,0.775022,0.8825,37.88685214438
3331,Fall,one,0,Dry,5.065022,0.62375,19.04386578626
3669,Fall,one,1,Dry,6.44,0.703333,11.467271703
4068,Fall,one,1,Dry,10.454978,0.68375,14.61804882038
4186,Fall,one,1,Dry,8.915,0.71875,8.851601584026
3974,Fall,one,1,Dry,10.949978,0.702083,14.75239974226
4046,Fall,one,1,Rain,10.619978,0.6225,29.30478266262
3926,Fall,one,0,Dry,5.560022,0.519167,20.38575761836
3649,Fall,one,0,Dry,6.989978,0.734583,9.925815917276
4035,Fall,one,1,Dry,10.07,0.75875,6.1703302605
4205,Fall,one,1,Dry,10.949978,0.721667,7.44402228675
4109,Fall,one,1,Dry,10.4,0.758333,6.706310647724
2933,Fall,one,1,Rain,9.08,0.813333,20.38629674726
3368,Fall,one,0,Dry,5.395022,0.44625,33.9300773215
4067,Fall,one,0,Dry,7.540022,0.552917,22.86575055836
3717,Fall,one,0,Dry,13.094978,0.458333,30.37678656738
4486,Fall,one,1,Dry,18.98,0.587083,33.05895284488
4195,Fall,one,1,Rain,18.98,0.68875,21.52558393874
1817,Fall,one,1,Snow,14.140022,0.93,14.75369365162
3053,Fall,one,1,Rain,6.550022,0.575833,32.92589583236
3392,Fall,one,1,Dry,2.095022,0.41,18.17220218074
3663,Fall,one,0,Dry,5.725022,0.502083,24.20645630688
3520,Fall,one,0,Rain,14.579978,0.684583,20.050203791
2765,Fall,one,1,Snow,13.535,0.91,14.88578023212
1607,Fall,one,1,Snow,11.500022,0.9625,12.80884005776
2566,Fall,one,1,Rain,13.094978,0.757917,36.2105925685
1495,Fall,one,0,Dry,8.639978,0.549167,18.03968429712
2792,Fall,one,1,Dry,8.75,0.64375,10.663516773724
3068,Fall,one,0,Dry,8.804978,0.681667,7.377526128224
3071,Fall,one,0,Dry,14.305022,0.698333,22.53062803412
3867,Fall,one,1,Dry,17.229548,0.743043,15.32441550516
2914,Fall,one,1,Rain,14.249978,0.830833,27.82897121176
3613,Fall,one,1,Dry,5.45,0.613333,29.23782285324
3727,Fall,one,1,Dry,4.625,0.524583,23.73870807324
3940,Fall,one,1,Dry,4.735022,0.625833,10.86387863812
3614,Fall,one,0,Dry,3.745022,0.612917,10.327909033474
3485,Fall,one,0,Dry,5.8349780000000004,0.775833,9.052869184974
3811,Fall,one,1,Rain,9.464978,0.827083,6.707658469974
2594,Fall,one,1,Snow,14.525,0.949583,25.07844338974
705,Fall,one,1,Snow,11.06,0.970417,28.7005269915
3322,Fall,one,1,Dry,1.544978,0.58,25.88444109524
3620,Fall,one,1,Dry,3.194978,0.695833,8.918992696526
3190,Fall,one,0,Dry,2.15,0.5075,25.14723623738
2743,Fall,one,0,Dry,-1.425022,0.49,7.174910705026
3310,Fall,one,1,Dry,-0.270022000000001,0.670833,6.841545741
3523,Fall,one,1,Dry,2.645,0.59,15.154913379
3740,Fall,one,1,Rain,4.955,0.66375,6.572876244974
3709,Fall,one,1,Rain,11.885,0.634167,28.90183772276
3577,Fall,one,1,Rain,8.75,0.500417,28.0967026235
2739,Fall,one,0,Rain,1.049978,0.560833,26.21967144526
2431,Fall,one,0,Dry,-0.270022000000001,0.58625,18.30655310262
3403,Fall,one,1,Dry,2.260022,0.6375,18.64264605888
3750,Fall,one,1,Rain,9.464978,0.595417,6.638919535224
2660,Winter,one,1,Rain,12.269978,0.858333,23.872627692
3068,Winter,one,1,Rain,11.939978,0.7575,5.0974637495
2209,Winter,one,1,Dry,8.639978,0.68625,29.57078886188
1011,Winter,one,0,Dry,3.965,0.5425,20.51967723712
754,Winter,one,0,Dry,2.135678,0.681304,16.72280804598
1317,Winter,one,0,Dry,5.234774,0.506957,25.8205004077
1162,Winter,one,1,Rain,5.45,0.7625,20.319768241
2302,Winter,one,1,Dry,3.74258,0.50391300000000006,31.69657411458
2423,Winter,one,1,Dry,0.389977999999999,0.574167,12.87569204136
2999,Winter,one,1,Dry,4.570022,0.636667,14.48499180786
2485,Winter,one,0,Dry,11.06,0.615833,23.73827677012
2294,Winter,two,0,Dry,8.42,0.6925,20.72055666526
1951,Winter,two,0,Dry,2.020838,0.381304,35.5463857637
2236,Winter,two,1,Dry,-6.1,0.44125,39.42876079838
2368,Winter,two,1,Rain,-8.905,0.414583,19.915421566
3272,Winter,two,1,Dry,1.544978,0.524167,14.01594966486
4098,Winter,two,1,Dry,6.055022,0.542083,18.10481106824
4521,Winter,two,0,Dry,9.959978,0.531667,18.84341766124
3425,Winter,two,0,Dry,6.275,0.465,20.65316555276
2376,Winter,two,1,Rain,-1.204978,0.701667,10.663969642
3598,Winter,two,1,Dry,4.373936,0.646522,20.22294069056
2177,Winter,two,1,Rain,2.095022,0.8475,14.14900667738
4097,Winter,two,1,Rain,9.245,0.802917,19.51290792926
3214,Winter,two,1,Dry,2.095022,0.5075,40.76979002424
2493,Winter,two,0,Dry,-4.12,0.4575,20.18315297774
2311,Winter,two,0,Dry,-4.999978,0.419167,27.09208983124
2298,Winter,two,0,Dry,-3.46,0.5225,24.94635680924
2935,Winter,two,1,Rain,8.6208379999999991,0.716087,37.6452145714
3376,Winter,two,1,Dry,4.019978,0.443333,44.79395595962
3292,Winter,two,1,Dry,-3.46,0.4975,23.73870807324
3163,Winter,two,1,Rain,-1.645,0.45,21.861676895
1301,Winter,two,0,Rain,-4.560022,0.83125,24.00654731076
1977,Winter,two,0,Rain,-5.275,0.79625,21.52612306764
2432,Winter,two,1,Rain,-1.590022,0.91125,11.93717645224
4339,Winter,two,1,Dry,6.605,0.835833,13.34527331326
4270,Winter,two,1,Dry,3.415022,0.64375,17.36760621038
4075,Winter,two,1,Rain,6.550022,0.769583,7.913959383724
3456,Winter,two,1,Rain,12.05,0.74125,36.94833655526
4023,Winter,two,0,Dry,4.844978,0.543333,22.73280137162
3243,Winter,two,0,Dry,2.645,0.31125,25.883578489
3624,Winter,two,1,Dry,1.765022,0.400833,23.26794071776
4509,Winter,two,1,Dry,9.74,0.416667,28.23062224226
4579,Winter,two,1,Dry,14.965022,0.507917,20.38629674726
3761,Winter,two,1,Rain,10.345022,0.672917,20.18358428086
4151,Winter,two,1,Dry,4.679978,0.526667,19.24647042688
2832,Winter,two,0,Rain,1.435022,0.779583,13.14353127888
2947,Winter,two,0,Rain,1.544978,0.687917,18.97690597688
3784,Winter,two,1,Dry,2.652194,0.622174,16.583604964
4375,Winter,two,1,Dry,7.375022,0.49625,15.89125563062
2802,Winter,two,1,Rain,0.940021999999999,0.722917,14.41857112738
3830,Winter,two,1,Dry,1.49,0.562083,20.92219087386
3831,Winter,two,1,Rain,2.534978,0.54,12.60796062962
2169,Winter,two,0,Snow,-1.204978,0.73125,31.24747974088
1529,Winter,two,0,Dry,-7.585,0.464583,44.12360308536
3422,Winter,two,1,Dry,-1.315,0.41125,18.03741995574
3922,Winter,two,1,Rain,5.065022,0.50875,15.22273579462
4169,Winter,two,1,Dry,6.989978,0.53125,19.581161648
3005,Winter,two,1,Rain,4.900022,0.752917,9.8579719365
4154,Winter,two,1,Dry,6.659978,0.634583,22.19550550988
4318,Winter,two,0,Dry,6.880022,0.534583,20.58706834962
2689,Winter,two,0,Rain,2.48,0.515833,27.29199882736
3129,Winter,two,0,Dry,2.48,0.507826,24.70105315974
3777,Winter,two,1,Dry,2.996516,0.594348,22.18159598426
4773,Winter,two,1,Dry,10.124978,0.567917,25.28201846238
5062,Winter,two,1,Dry,13.975022,0.554583,20.58534313714
3487,Winter,two,1,Rain,10.895,0.7375,25.61584707726
2732,Winter,two,0,Dry,3.194978,0.395833,45.46387753076
3389,Winter,two,0,Dry,2.425022,0.41,22.12897700362
4322,Winter,two,1,Dry,8.200022,0.490833,28.90086729074
4363,Winter,two,1,Dry,7.705022,0.395833,20.85533889026
1834,Winter,two,1,Rain,6.726968,0.804783,19.31343023626
4990,Winter,two,1,Dry,16.064978,0.615417,24.47505032486
3194,Winter,two,1,Rain,7.319978,0.657083,15.62438682512
4066,Winter,two,0,Rain,11.335022,0.62125,17.36846881662
3423,Winter,two,0,Dry,5.504978,0.403333,36.07537904038
3333,Winter,two,1,Dry,0.059978000000001,0.50625,24.67679235924
3956,Winter,two,1,Dry,1.049978,0.456667,21.6595035575
4916,Winter,two,1,Dry,10.675022,0.513333,37.28389038262
5382,Winter,two,1,Dry,18.815,0.5675,47.61187489414
4569,Winter,two,1,Rain,11.114978,0.407083,44.726133544
4118,Winter,two,0,Dry,2.975,0.350417,24.341669835
4911,Winter,two,0,Dry,7.874774,0.476957,24.00061689286
5298,Winter,two,1,Dry,14.800022,0.489167,22.39681624114
5847,Winter,two,1,Dry,21.29,0.6175,25.549318571
6312,Winter,two,1,Dry,21.785,0.507083,12.40664989836
6192,Winter,two,1,Dry,20.795,0.579583,16.16125138374
4378,Winter,two,1,Rain,12.764978,0.842083,12.20501568976
7836,Winter,two,0,Rain,17.935022,0.755833,11.93674514912
5892,Winter,two,0,Rain,15.185,0.81,13.681258443740001
6153,Winter,two,1,Dry,19.97,0.72875,17.50195713226
6093,Winter,two,1,Dry,21.014978,0.807917,13.07614016638
6230,Spring,two,1,Rain,19.090022,0.82125,9.656693552974
6871,Spring,two,1,Dry,20.575022,0.83125,12.67621434836
8362,Spring,two,1,Rain,23.710022,0.694167,12.540138214
3372,Spring,two,0,Rain,17.165,0.885417,20.78697734574
4996,Spring,two,0,Rain,12.875,0.880833,23.8052365795
5558,Spring,two,1,Dry,13.424978,0.477917,41.70927604538
5102,Spring,two,1,Dry,5.339978,0.29,20.18412340976
5698,Spring,two,1,Dry,15.955022,0.48125,31.44965307838
6133,Spring,two,1,Dry,16.615022,0.439167,34.466510577
5459,Spring,two,1,Rain,8.42,0.580833,14.88718196726
6235,Spring,two,0,Rain,11.995022,0.738333,27.02297350626
6041,Spring,two,0,Rain,12.104978,0.67625,18.57482364326
5936,Spring,two,1,Dry,12.638258,0.504348,33.65663114342
6772,Spring,two,1,Dry,14.800022,0.396667,10.79691882874
6436,Spring,two,1,Dry,19.750022,0.469583,19.5137705355
6457,Spring,two,1,Dry,12.71,0.374167,23.67088565762
6460,Spring,two,1,Dry,10.619978,0.377083,32.38957040264
6857,Spring,two,0,Dry,12.875,0.254167,29.63817997438
5169,Spring,two,0,Dry,17,0.275833,25.07984512488
5585,Spring,two,1,Dry,16.285022,0.3175,38.62276309288
5918,Spring,two,1,Dry,13.480022,0.435,26.8890538875
4862,Spring,two,1,Dry,7.013936,0.469565,31.83814936372
5409,Spring,two,1,Dry,10.235,0.46625,31.31573345962
6398,Spring,two,1,Dry,13.205,0.408333,16.76378184238
7460,Spring,two,0,Dry,16.67,0.502917,20.58577444026
7132,Spring,two,0,Dry,24.040022,0.507917,24.27471002562
6370,Spring,two,0,Dry,27.835022,0.561667,30.71190909162
6691,Spring,two,1,Dry,24.149978,0.390417,29.50426035562
4367,Spring,two,1,Rain,14.579978,0.569167,18.10524237136
6565,Spring,two,1,Dry,16.889978,0.6125,7.108867414776
7290,Spring,two,1,Dry,18.760022,0.694583,16.15995747438
6624,Spring,two,0,Dry,21.62,0.682917,30.57798947286
1027,Spring,two,0,Snow,10.180022,0.835417,37.15094119588
3214,Spring,two,1,Rain,5.230022,0.766667,32.72469292688
5633,Spring,two,1,Dry,11.279978,0.454167,26.88991649374
6196,Spring,two,1,Dry,15.460022,0.427917,12.80884005776
5026,Spring,two,1,Rain,16.889978,0.756667,19.0447283925
6233,Spring,two,1,Dry,14.195,0.400833,37.48379937874
4220,Spring,two,0,Rain,8.860022,0.489583,14.0146557555
6304,Spring,two,0,Dry,14.249978,0.587083,12.60569628824
5572,Spring,two,1,Rain,14.635022,0.57,18.50700122764
5740,Spring,two,1,Rain,24.479978,0.659583,16.83117295488
6169,Spring,two,1,Dry,21.235022,0.797083,14.88621153524
6421,Spring,two,1,Rain,20.96,0.768333,14.41587548288
6296,Spring,two,1,Dry,25.415,0.735417,17.56891694164
6883,Spring,two,0,Rain,25.030022,0.756667,16.49648173376
6359,Spring,two,0,Rain,21.125,0.74,16.16082008062
6273,Spring,two,1,Rain,19.475,0.664167,24.87767178738
5728,Spring,two,1,Rain,22.390022,0.685833,31.91955782762
4717,Spring,two,1,Rain,21.95,0.744167,23.33479270136
6572,Spring,two,1,Dry,17.384978,0.552083,33.86408794414
7030,Spring,two,1,Dry,19.199978,0.360417,25.54791683586
7429,Spring,two,0,Dry,21.235022,0.480417,13.27691176874
6118,Spring,two,0,Dry,24.425,0.57625,24.27341611626
2843,Spring,two,1,Rain,21.839978,0.789583,22.93368079976
5115,Spring,two,1,Rain,24.370022,0.794583,15.89265736576
7424,Spring,two,1,Dry,26.020022,0.697917,13.20995195936
7384,Spring,two,1,Dry,23.159978,0.52,24.7433208655
7639,Spring,two,1,Dry,21.235022,0.523333,14.75239974226
8294,Spring,two,0,Dry,23.6,0.45625,9.0546698755
7129,Spring,two,0,Dry,24.974978,0.530417,27.42732018126
4359,Spring,two,1,Rain,23.489978,0.81125,25.14540319912
6073,Spring,two,1,Rain,24.59,0.765833,12.74144894526
5260,Spring,two,1,Rain,25.030022,0.774583,10.99822956
6770,Spring,two,1,Dry,27.23,0.716667,18.64264605888
6734,Spring,two,1,Dry,28.88,0.747083,15.154913379
6536,Spring,two,0,Dry,29.705,0.7325,21.45646761376
6591,Spring,two,0,Dry,29.54,0.697083,23.20098090838
6043,Spring,two,0,Dry,31.025,0.67625,21.19003011138
5743,Spring,two,1,Dry,31.685,0.684583,31.851735412
6855,Spring,two,1,Rain,27.340022,0.67,14.48412920162
7338,Spring,two,1,Dry,28.88,0.492917,21.05611049262
4127,Spring,two,1,Rain,27.175022,0.755417,25.61541577414
8120,Spring,two,0,Dry,22.499978,0.549167,20.11619316836
7641,Spring,two,0,Dry,23.765,0.493333,19.84932436286
6998,Spring,two,1,Dry,23.435,0.487083,30.71234039474
7001,Spring,two,1,Rain,19.694978,0.613333,22.5975878435
7055,Spring,two,1,Dry,20.575022,0.61125,8.3160632825
7494,Spring,two,1,Dry,23.765,0.567083,16.966386483
7736,Spring,two,1,Dry,26.845022,0.467917,18.91080877374
7498,Spring,two,0,Dry,30.914978,0.437083,15.55785831886
6598,Spring,two,0,Dry,31.960022,0.538333,14.41857112738
6664,Spring,two,1,Rain,31.574978,0.587917,22.39681624114
4972,Spring,two,1,Rain,27.119978,0.833333,23.13358979588
7421,Spring,two,1,Dry,27.284978,0.582083,37.01432593262
7363,Spring,two,1,Dry,26.789978,0.569583,27.35895863674
7665,Spring,two,1,Dry,26.185022,0.589583,19.04386578626
7702,Spring,two,0,Dry,25.690022,0.504167,17.97099927526
6978,Spring,two,0,Dry,23.105,0.59875,15.62438682512
5099,Spring,two,1,Rain,21.509978,0.777917,18.84212375188
6825,Spring,two,1,Dry,29.429978,0.69,15.96004847826
6211,Spring,two,1,Dry,35.645,0.592083,12.27186767336
5905,Summer,two,1,Dry,37.184978,0.567917,12.80830092886
5823,Summer,two,1,Dry,35.315,0.57375,19.71508126676
7458,Summer,two,0,Dry,32.290022,0.534583,19.37855700738
6891,Summer,two,0,Dry,33.059978,0.479167,15.6913466345
6779,Summer,two,1,Dry,31.244978,0.504167,32.38903127374
7442,Summer,two,1,Dry,25.634978,0.373333,37.48476981076
7335,Summer,two,1,Dry,30.035,0.36,29.3043513595
6879,Summer,two,1,Dry,33.445022,0.4225,18.508295137
5463,Summer,two,1,Dry,39.055022,0.48875,17.83621705026
5687,Summer,two,0,Dry,34.49,0.60125,17.36760621038
5531,Summer,two,0,Dry,37.844978,0.51875,18.17177087762
6227,Summer,two,1,Dry,35.590022,0.447083,21.05481658326
6660,Summer,two,1,Dry,35.534978,0.492083,13.61160298986
7403,Summer,two,0,Dry,36.085022,0.53875,14.551089011
6241,Summer,two,1,Dry,38.615,0.457917,20.92132826762
6207,Summer,two,1,Dry,38.669978,0.450833,15.75787514076
4840,Summer,two,0,Dry,40.870022,0.492083,17.63533762212
4672,Summer,two,0,Dry,38.285,0.57375,13.54604491562
6569,Summer,two,1,Rain,30.914978,0.683333,19.5137705355
6290,Summer,two,1,Rain,31.574978,0.6675,16.36116037986
7264,Summer,two,1,Dry,31.300022,0.633333,16.36072907674
7446,Summer,two,1,Dry,31.244978,0.529583,15.8261288595
7499,Summer,two,1,Rain,32.290022,0.485833,8.717714313
6969,Summer,two,0,Rain,30.419978,0.699167,15.49230024462
6031,Summer,two,0,Dry,33.224978,0.717917,17.97099927526
6830,Summer,two,1,Dry,34.379978,0.645,17.70359134086
6786,Summer,two,1,Dry,38.009978,0.505833,12.33839617962
5713,Summer,two,1,Dry,36.359978,0.577083,14.81979085476
6591,Summer,two,1,Dry,34.82,0.600417,17.83751095962
5870,Summer,two,1,Rain,27.944978,0.844167,22.53202976926
4459,Summer,two,0,Snow,23.324978,0.865417,22.999238874
7410,Summer,two,0,Rain,28.055,0.7625,10.127083518224
6966,Summer,two,1,Dry,32.950022,0.694167,14.95360264774
7592,Summer,two,1,Dry,33.554978,0.655,22.80019248412
8173,Summer,two,1,Dry,31.795022,0.45,17.769688544
6861,Summer,two,1,Dry,35.260022,0.596667,30.71018387914
6904,Summer,two,1,Dry,35.590022,0.594583,16.49648173376
6685,Summer,two,0,Dry,33.884978,0.613333,16.966386483
6597,Summer,two,0,Dry,31.630022,0.62375,18.37308160888
7105,Summer,two,1,Dry,32.234978,0.66875,16.56387284626
7216,Summer,two,1,Dry,31.079978,0.704167,17.8370796565
7580,Summer,two,1,Dry,31.355,0.6775,15.22273579462
7261,Summer,two,1,Dry,33.665,0.659583,13.94769594612
7175,Summer,two,1,Rain,34.544978,0.6425,23.26794071776
6824,Summer,two,0,Dry,36.359978,0.613333,27.76060966724
5464,Summer,two,0,Dry,34.765022,0.6525,31.31487085338
7013,Summer,two,1,Rain,33.665,0.654167,13.94769594612
7273,Summer,two,1,Rain,32.564978,0.70375,12.60569628824
7534,Summer,two,1,Rain,33.5,0.672917,11.936313846
7286,Summer,two,1,Dry,33.884978,0.620417,16.831604258
5786,Summer,two,1,Rain,31.244978,0.715833,25.75019799914
6299,Summer,two,0,Rain,29.705,0.732917,22.26375922862
6544,Summer,two,0,Dry,30.254978,0.530417,13.20995195936
6883,Summer,two,1,Dry,31.574978,0.545417,14.68716514536
6784,Summer,two,1,Dry,31.960022,0.686667,18.23959329324
7347,Summer,two,1,Dry,30.640022,0.619583,18.30569049638
7605,Summer,two,1,Dry,31.465022,0.519167,15.28926430088
7148,Summer,two,1,Dry,31.739978,0.570833,24.94592550612
7865,Summer,two,0,Dry,28.769978,0.603333,19.17864801126
4549,Summer,two,0,Rain,25.964978,0.711667,9.321538681
6530,Summer,two,1,Rain,25.964978,0.734167,14.01508705862
7006,Summer,two,1,Dry,26.845022,0.67375,7.846568271224
7375,Summer,two,1,Dry,28.055,0.677083,7.578351643474
7765,Summer,two,1,Dry,29.924978,0.635833,9.121608119724
7582,Summer,two,1,Rain,30.365,0.615,7.779177158724
6053,Summer,two,0,Rain,27.670022,0.712917,26.35348323824
5255,Summer,two,0,Rain,27.119978,0.845833,24.67679235924
6917,Summer,two,1,Dry,30.419978,0.730417,13.88073613674
7040,Summer,two,1,Dry,32.069978,0.62,20.5866370465
7697,Summer,two,1,Dry,29.21,0.552083,12.13708544836
7713,Summer,two,1,Dry,30.640022,0.590417,8.315168328526
7350,Summer,two,1,Dry,34.435022,0.5875,18.17220218074
6140,Summer,two,0,Rain,33.719978,0.638333,12.20447656086
5810,Summer,two,0,Rain,29.980022,0.815,6.908483985224
6034,Summer,two,0,Dry,30.695,0.790833,16.29473969938
6864,Summer,two,1,Dry,31.904978,0.755,25.48149615538
7112,Summer,two,1,Dry,32.620022,0.74125,20.25054409024
6203,Summer,two,1,Rain,29.980022,0.810417,15.35665541338
7504,Summer,two,1,Dry,30.419978,0.73625,18.50786383388
5976,Summer,two,0,Rain,27.505022,0.799167,30.31025806112
8227,Summer,two,0,Dry,24.26,0.5475,24.20645630688
7525,Summer,two,1,Dry,22.499978,0.50375,27.89593102114
7767,Summer,two,1,Dry,22.115,0.52,9.925815917276
7870,Summer,two,1,Dry,23.545022,0.577083,14.21639778988
7804,Summer,two,1,Dry,24.425,0.637083,8.919434782224
8009,Summer,two,1,Dry,25.799978,0.6725,11.19910898814
8714,Summer,two,0,Dry,24.149978,0.501667,26.68914489138
7333,Summer,two,0,Dry,22.28,0.57,9.724084665474
6869,Summer,two,1,Rain,22.334978,0.734583,16.36169950876
4073,Summer,two,1,Rain,25.139978,0.8725,38.55709719286
7591,Summer,two,1,Dry,20.465,0.536667,23.2014122115
7720,Summer,two,1,Dry,20.080022,0.618333,12.74144894526
8167,Summer,two,1,Dry,23.545022,0.66875,16.629862223620002
8395,Summer,two,0,Dry,26.9,0.646667,30.57755816974
7907,Fall,two,0,Dry,18.925022,0.467083,24.07296799124
7436,Fall,two,1,Dry,17.935022,0.492917,15.35482237512
7538,Fall,two,1,Dry,20.3,0.57,25.48149615538
7733,Fall,two,1,Dry,25.91,0.630833,26.352620632
7393,Fall,two,1,Rain,26.9,0.690833,14.48553093676
7415,Fall,two,1,Rain,24.865022,0.69,17.70272873462
8555,Fall,two,0,Dry,19.805,0.542917,24.54157883112
6889,Fall,two,0,Dry,18.760022,0.583333,14.55195161724
6778,Fall,two,1,Rain,18.374978,0.649167,9.791033692276
4639,Fall,two,1,Snow,22.994978,0.871667,11.2650983655
7572,Fall,two,1,Rain,27.395,0.79375,7.175352790724
7328,Fall,two,1,Rain,27.395,0.722917,12.67448913588
8156,Fall,two,1,Dry,24.59,0.6275,11.467271703
7965,Fall,two,0,Dry,20.575022,0.664167,28.9000046845
3510,Fall,two,0,Rain,11.444978,0.708333,15.22090275636
5478,Fall,two,0,Rain,9.299978,0.709583,20.45228612462
6392,Fall,two,1,Rain,13.480022,0.761667,20.519245934
7691,Fall,two,1,Dry,17.935022,0.630833,20.25194582538
7570,Fall,two,1,Dry,12.71,0.463333,19.58073034488
7282,Fall,two,1,Dry,12.875,0.539167,25.34897827176
7109,Fall,two,0,Dry,9.959978,0.494583,15.75787514076
6639,Fall,two,0,Dry,18.430022,0.640417,30.04155621736
5875,Fall,two,1,Rain,21.070022,0.7075,31.92042043386
7534,Fall,two,1,Dry,14.909978,0.558333,19.64812145738
7461,Fall,two,1,Dry,14.084978,0.692917,10.93040714438
7509,Fall,two,1,Rain,18.485,0.728333,25.54791683586
5424,Fall,two,1,Rain,21.179978,0.815,14.55152031412
8090,Fall,two,0,Dry,15.955022,0.572917,12.67351870386
6824,Fall,two,0,Dry,14.635022,0.51,17.90490207212
7058,Fall,two,1,Dry,16.175,0.568333,8.786000379474
7466,Fall,two,1,Dry,19.915022,0.641667,10.194474630724
7693,Fall,two,1,Dry,22.775,0.63625,7.847474007776
7359,Fall,two,1,Rain,20.3,0.800417,13.4108313875
7444,Fall,two,1,Rain,20.024978,0.807083,14.28335759926
7852,Fall,two,0,Rain,18.98,0.72,25.41367373976
4459,Fall,two,0,Rain,15.515,0.694583,42.91552304624
22,Fall,two,1,Snow,13.04,0.88,38.623194396
1096,Fall,two,1,Rain,5.000012,0.825455,22.96786157202
5566,Fall,two,1,Rain,7.595,0.666667,17.97099927526
5986,Fall,two,1,Rain,8.144978,0.581667,16.96595517988
5847,Fall,two,1,Dry,7.43,0.522083,28.7005269915
5138,Fall,two,0,Rain,6.659978,0.49125,29.17000043762
5107,Fall,two,0,Dry,5.504978,0.532917,19.31245980424
5259,Fall,two,1,Dry,5.065022,0.494167,25.4819274585
5686,Fall,two,1,Dry,2.534978,0.567083,18.70917456514
5035,Fall,two,1,Rain,3.524978,0.5475,32.79068230424
5315,Fall,two,1,Dry,7.243484,0.333478,37.5055801863
5992,Fall,two,1,Dry,7.870022,0.540833,23.13488370524
6536,Fall,two,0,Dry,9.685022,0.645417,6.237268504724
6852,Fall,two,0,Dry,11.774978,0.659167,13.74778695
6269,Fall,two,0,Dry,16.01,0.741667,18.70960586826
4094,Fall,two,1,Rain,6.659978,0.662917,36.88137674588
5495,Fall,two,1,Dry,3.085022,0.552083,21.5247213325
5445,Fall,two,1,Rain,5.230022,0.620417,16.49594260486
5698,Fall,two,1,Dry,6.77,0.524583,18.4409040245
5629,Fall,two,0,Dry,5.45,0.545417,19.37941961362
4669,Fall,two,0,Dry,6.605,0.692917,24.54244143736
5499,Fall,two,1,Rain,9.134978,0.623333,25.34628262726
5634,Fall,two,1,Rain,8.695022,0.685,8.9198876505
5146,Fall,two,1,Dry,7.319978,0.61375,11.13258048188
2425,Fall,two,0,Dry,6.44,0.580417,5.700835249224
3910,Fall,two,1,Dry,8.309978,0.56875,15.96047978138
2277,Fall,two,0,Dry,2.369978,0.404583,40.63640953438
2424,Fall,two,0,Dry,0.224978,0.468333,16.22777989
5087,Fall,two,1,Dry,4.679978,0.535417,5.030072637
3959,Fall,two,1,Rain,3.250022,0.786667,25.61530794836
5260,Fall,two,1,Dry,3.580022,0.50625,22.73193876538
5323,Fall,two,1,Dry,2.53742,0.555652,12.45624975716
5668,Fall,two,1,Dry,3.689978,0.649583,6.304659617224
5191,Fall,two,0,Rain,3.689978,0.806667,6.437651934276
4649,Fall,two,0,Rain,6.935,0.823333,13.41126269062
6234,Fall,two,1,Dry,13.865,0.7675,8.919434782224
6606,Fall,two,1,Dry,15.404978,0.73375,18.77559524562
5729,Fall,two,1,Dry,12.929978,0.485,34.93781706138
5375,Fall,two,1,Dry,0.884977999999997,0.50875,18.84298635812
5008,Fall,two,1,Rain,5.174978,0.764167,14.082046868
5582,Fall,two,0,Rain,9.190022,0.91125,10.93126975062
3228,Fall,two,0,Rain,9.355022,0.905417,17.0337775955
5170,Fall,two,1,Rain,12.764978,0.925,20.52010854024
5501,Fall,two,1,Rain,7.319978,0.596667,31.92042043386
5319,Fall,two,1,Rain,3.635,0.538333,17.56880911586
5532,Fall,two,1,Dry,3.524978,0.485833,18.77559524562
5611,Fall,two,1,Dry,2.590022,0.642917,14.14986928362
5047,Fall,two,0,Dry,5.395022,0.650417,11.467271703
3786,Fall,two,0,Rain,7.925,0.83875,10.86258472876
4585,Fall,two,1,Rain,9.959978,0.907083,10.594777838974
5557,Fall,two,1,Dry,11.114978,0.66625,23.87305899512
5267,Fall,two,1,Dry,5.945,0.625417,19.84986349176
4128,Fall,two,1,Rain,5.78,0.667917,14.28292629614
3623,Winter,two,1,Rain,5.560022,0.556667,40.36813899374
1749,Winter,two,0,Dry,1.544978,0.44125,43.92240017988
1787,Winter,two,0,Dry,0.224978,0.515417,14.34977827974
920,Winter,two,1,Rain,-0.733936,0.791304,8.327428119712
1013,Winter,two,0,Rain,3.226064,0.734783,18.19301255628
441,Winter,two,1,Snow,0.059978000000001,0.823333,34.13181935588
2114,Winter,two,1,Rain,0.775022,0.652917,37.75336382874
3095,Winter,two,1,Rain,0.719977999999998,0.59,16.76378184238
1341,Winter,two,0,Rain,0.719977999999998,0.752917,13.41169399374
1796,Winter,two,0,Dry,0.884977999999997,0.483333,37.82032363812
2729,Winter,two,1,Rain,-1.755022,0.5775,16.69639072988
